0,Alpine,CA,"<p>Lorem ipsum dolor sit amet, consectetur adipiscing elit. Nam nec scelerisque purus, eu convallis magna. Suspendisse potenti. Suspendisse facilisis auctor quam in hendrerit. Vivamus mollis erat quis ante porta, vitae volutpat quam pellentesque. Phasellus semper dolor sed efficitur tempor. Sed in consequat urna, ut tempus nisl. Ut venenatis lobortis elit, at viverra erat hendrerit vitae. Sed sit amet purus libero. Interdum et malesuada fames ac ante ipsum primis in faucibus. Aliquam nulla metus, tincidunt ut libero ac, dapibus hendrerit magna. Suspendisse euismod ex eleifend felis porta, consequat ultrices mauris molestie. Curabitur vulputate enim id nibh congue vestibulum. Aliquam viverra facilisis luctus. Curabitur eu augue in mauris egestas euismod quis ut eros. Vivamus libero lorem, convallis a malesuada eget, rutrum non magna.</p><p>Aliquam lacinia egestas diam, a elementum dolor hendrerit ac. Maecenas euismod in libero ut scelerisque. Vivamus eleifend ante id luctus fermentum. Donec sed libero eu risus suscipit luctus non sit amet quam. Vestibulum ante ipsum primis in faucibus orci luctus et ultrices posuere cubilia Curae; Nulla quis dapibus odio, et rhoncus odio. Morbi commodo, ante nec fringilla laoreet, enim diam placerat nunc, dictum pharetra dui arcu id dolor. Vestibulum vehicula turpis a congue imperdiet. Donec condimentum nec ligula eget tempus. Nullam at ante non sapien congue congue ac at nisi. Suspendisse potenti. In a enim non dolor tincidunt aliquet. Quisque a congue neque.</p><p>Mauris nec varius tellus. Donec tempus, lacus quis consequat mattis, neque enim cursus ligula, nec feugiat diam sapien at nunc. Etiam felis nibh, venenatis in aliquam eu, blandit at nunc. Donec id odio pharetra, tincidunt velit et, ullamcorper neque. Nulla finibus est et vehicula tempus. Fusce auctor enim quis enim convallis, eu viverra erat sodales. Maecenas sollicitudin dignissim sodales. Phasellus eu rhoncus nulla. Proin arcu ex, elementum quis ultricies et, bibendum eget est. Ut lacinia lacus nec magna varius, ut pulvinar urna euismod. Nulla luctus, arcu quis consectetur tincidunt, nisl quam blandit lectus, semper vehicula leo quam quis lorem. Proin maximus orci turpis, eu molestie leo pulvinar sit amet. Vivamus viverra, nisi vitae feugiat mattis, purus augue fringilla massa, eu iaculis elit elit vitae leo.</p><p>Aliquam erat volutpat. Pellentesque habitant morbi tristique senectus et netus et malesuada fames ac turpis egestas.</p><p>",(619) 357-6115,619,"91901, 91903"
,Bonita,CA,"<p>Lorem ipsum dolor sit amet, consectetur adipiscing elit. Nam nec scelerisque purus, eu convallis magna. Suspendisse potenti. Suspendisse facilisis auctor quam in hendrerit. Vivamus mollis erat quis ante porta, vitae volutpat quam pellentesque. Phasellus semper dolor sed efficitur tempor. Sed in consequat urna, ut tempus nisl. Ut venenatis lobortis elit, at viverra erat hendrerit vitae. Sed sit amet purus libero. Interdum et malesuada fames ac ante ipsum primis in faucibus. Aliquam nulla metus, tincidunt ut libero ac, dapibus hendrerit magna. Suspendisse euismod ex eleifend felis porta, consequat ultrices mauris molestie. Curabitur vulputate enim id nibh congue vestibulum. Aliquam viverra facilisis luctus. Curabitur eu augue in mauris egestas euismod quis ut eros. Vivamus libero lorem, convallis a malesuada eget, rutrum non magna.</p><p>Aliquam lacinia egestas diam, a elementum dolor hendrerit ac. Maecenas euismod in libero ut scelerisque. Vivamus eleifend ante id luctus fermentum. Donec sed libero eu risus suscipit luctus non sit amet quam. Vestibulum ante ipsum primis in faucibus orci luctus et ultrices posuere cubilia Curae; Nulla quis dapibus odio, et rhoncus odio. Morbi commodo, ante nec fringilla laoreet, enim diam placerat nunc, dictum pharetra dui arcu id dolor. Vestibulum vehicula turpis a congue imperdiet. Donec condimentum nec ligula eget tempus. Nullam at ante non sapien congue congue ac at nisi. Suspendisse potenti. In a enim non dolor tincidunt aliquet. Quisque a congue neque.</p><p>Mauris nec varius tellus. Donec tempus, lacus quis consequat mattis, neque enim cursus ligula, nec feugiat diam sapien at nunc. Etiam felis nibh, venenatis in aliquam eu, blandit at nunc. Donec id odio pharetra, tincidunt velit et, ullamcorper neque. Nulla finibus est et vehicula tempus. Fusce auctor enim quis enim convallis, eu viverra erat sodales. Maecenas sollicitudin dignissim sodales. Phasellus eu rhoncus nulla. Proin arcu ex, elementum quis ultricies et, bibendum eget est. Ut lacinia lacus nec magna varius, ut pulvinar urna euismod. Nulla luctus, arcu quis consectetur tincidunt, nisl quam blandit lectus, semper vehicula leo quam quis lorem. Proin maximus orci turpis, eu molestie leo pulvinar sit amet. Vivamus viverra, nisi vitae feugiat mattis, purus augue fringilla massa, eu iaculis elit elit vitae leo.</p><p>Aliquam erat volutpat. Pellentesque habitant morbi tristique senectus et netus et malesuada fames ac turpis egestas.</p><p>",(619) 357-6115,619,"91902, 91908"
,Chula Vista,CA,"<p>Lorem ipsum dolor sit amet, consectetur adipiscing elit. Nam nec scelerisque purus, eu convallis magna. Suspendisse potenti. Suspendisse facilisis auctor quam in hendrerit. Vivamus mollis erat quis ante porta, vitae volutpat quam pellentesque. Phasellus semper dolor sed efficitur tempor. Sed in consequat urna, ut tempus nisl. Ut venenatis lobortis elit, at viverra erat hendrerit vitae. Sed sit amet purus libero. Interdum et malesuada fames ac ante ipsum primis in faucibus. Aliquam nulla metus, tincidunt ut libero ac, dapibus hendrerit magna. Suspendisse euismod ex eleifend felis porta, consequat ultrices mauris molestie. Curabitur vulputate enim id nibh congue vestibulum. Aliquam viverra facilisis luctus. Curabitur eu augue in mauris egestas euismod quis ut eros. Vivamus libero lorem, convallis a malesuada eget, rutrum non magna.</p><p>Aliquam lacinia egestas diam, a elementum dolor hendrerit ac. Maecenas euismod in libero ut scelerisque. Vivamus eleifend ante id luctus fermentum. Donec sed libero eu risus suscipit luctus non sit amet quam. Vestibulum ante ipsum primis in faucibus orci luctus et ultrices posuere cubilia Curae; Nulla quis dapibus odio, et rhoncus odio. Morbi commodo, ante nec fringilla laoreet, enim diam placerat nunc, dictum pharetra dui arcu id dolor. Vestibulum vehicula turpis a congue imperdiet. Donec condimentum nec ligula eget tempus. Nullam at ante non sapien congue congue ac at nisi. Suspendisse potenti. In a enim non dolor tincidunt aliquet. Quisque a congue neque.</p><p>Mauris nec varius tellus. Donec tempus, lacus quis consequat mattis, neque enim cursus ligula, nec feugiat diam sapien at nunc. Etiam felis nibh, venenatis in aliquam eu, blandit at nunc. Donec id odio pharetra, tincidunt velit et, ullamcorper neque. Nulla finibus est et vehicula tempus. Fusce auctor enim quis enim convallis, eu viverra erat sodales. Maecenas sollicitudin dignissim sodales. Phasellus eu rhoncus nulla. Proin arcu ex, elementum quis ultricies et, bibendum eget est. Ut lacinia lacus nec magna varius, ut pulvinar urna euismod. Nulla luctus, arcu quis consectetur tincidunt, nisl quam blandit lectus, semper vehicula leo quam quis lorem. Proin maximus orci turpis, eu molestie leo pulvinar sit amet. Vivamus viverra, nisi vitae feugiat mattis, purus augue fringilla massa, eu iaculis elit elit vitae leo.</p><p>Aliquam erat volutpat. Pellentesque habitant morbi tristique senectus et netus et malesuada fames ac turpis egestas.</p><p>",(619) 357-6115,619,"91909, 91910, 91911, 91912, 91913, 91914, 91915, 91921"
,Coronado,CA,"<p>Lorem ipsum dolor sit amet, consectetur adipiscing elit. Nam nec scelerisque purus, eu convallis magna. Suspendisse potenti. Suspendisse facilisis auctor quam in hendrerit. Vivamus mollis erat quis ante porta, vitae volutpat quam pellentesque. Phasellus semper dolor sed efficitur tempor. Sed in consequat urna, ut tempus nisl. Ut venenatis lobortis elit, at viverra erat hendrerit vitae. Sed sit amet purus libero. Interdum et malesuada fames ac ante ipsum primis in faucibus. Aliquam nulla metus, tincidunt ut libero ac, dapibus hendrerit magna. Suspendisse euismod ex eleifend felis porta, consequat ultrices mauris molestie. Curabitur vulputate enim id nibh congue vestibulum. Aliquam viverra facilisis luctus. Curabitur eu augue in mauris egestas euismod quis ut eros. Vivamus libero lorem, convallis a malesuada eget, rutrum non magna.</p><p>Aliquam lacinia egestas diam, a elementum dolor hendrerit ac. Maecenas euismod in libero ut scelerisque. Vivamus eleifend ante id luctus fermentum. Donec sed libero eu risus suscipit luctus non sit amet quam. Vestibulum ante ipsum primis in faucibus orci luctus et ultrices posuere cubilia Curae; Nulla quis dapibus odio, et rhoncus odio. Morbi commodo, ante nec fringilla laoreet, enim diam placerat nunc, dictum pharetra dui arcu id dolor. Vestibulum vehicula turpis a congue imperdiet. Donec condimentum nec ligula eget tempus. Nullam at ante non sapien congue congue ac at nisi. Suspendisse potenti. In a enim non dolor tincidunt aliquet. Quisque a congue neque.</p><p>Mauris nec varius tellus. Donec tempus, lacus quis consequat mattis, neque enim cursus ligula, nec feugiat diam sapien at nunc. Etiam felis nibh, venenatis in aliquam eu, blandit at nunc. Donec id odio pharetra, tincidunt velit et, ullamcorper neque. Nulla finibus est et vehicula tempus. Fusce auctor enim quis enim convallis, eu viverra erat sodales. Maecenas sollicitudin dignissim sodales. Phasellus eu rhoncus nulla. Proin arcu ex, elementum quis ultricies et, bibendum eget est. Ut lacinia lacus nec magna varius, ut pulvinar urna euismod. Nulla luctus, arcu quis consectetur tincidunt, nisl quam blandit lectus, semper vehicula leo quam quis lorem. Proin maximus orci turpis, eu molestie leo pulvinar sit amet. Vivamus viverra, nisi vitae feugiat mattis, purus augue fringilla massa, eu iaculis elit elit vitae leo.</p><p>Aliquam erat volutpat. Pellentesque habitant morbi tristique senectus et netus et malesuada fames ac turpis egestas.</p><p>",(619) 357-6115,619,"92118, 92178"
,Descanso,CA,"<p>Lorem ipsum dolor sit amet, consectetur adipiscing elit. Nam nec scelerisque purus, eu convallis magna. Suspendisse potenti. Suspendisse facilisis auctor quam in hendrerit. Vivamus mollis erat quis ante porta, vitae volutpat quam pellentesque. Phasellus semper dolor sed efficitur tempor. Sed in consequat urna, ut tempus nisl. Ut venenatis lobortis elit, at viverra erat hendrerit vitae. Sed sit amet purus libero. Interdum et malesuada fames ac ante ipsum primis in faucibus. Aliquam nulla metus, tincidunt ut libero ac, dapibus hendrerit magna. Suspendisse euismod ex eleifend felis porta, consequat ultrices mauris molestie. Curabitur vulputate enim id nibh congue vestibulum. Aliquam viverra facilisis luctus. Curabitur eu augue in mauris egestas euismod quis ut eros. Vivamus libero lorem, convallis a malesuada eget, rutrum non magna.</p><p>Aliquam lacinia egestas diam, a elementum dolor hendrerit ac. Maecenas euismod in libero ut scelerisque. Vivamus eleifend ante id luctus fermentum. Donec sed libero eu risus suscipit luctus non sit amet quam. Vestibulum ante ipsum primis in faucibus orci luctus et ultrices posuere cubilia Curae; Nulla quis dapibus odio, et rhoncus odio. Morbi commodo, ante nec fringilla laoreet, enim diam placerat nunc, dictum pharetra dui arcu id dolor. Vestibulum vehicula turpis a congue imperdiet. Donec condimentum nec ligula eget tempus. Nullam at ante non sapien congue congue ac at nisi. Suspendisse potenti. In a enim non dolor tincidunt aliquet. Quisque a congue neque.</p><p>Mauris nec varius tellus. Donec tempus, lacus quis consequat mattis, neque enim cursus ligula, nec feugiat diam sapien at nunc. Etiam felis nibh, venenatis in aliquam eu, blandit at nunc. Donec id odio pharetra, tincidunt velit et, ullamcorper neque. Nulla finibus est et vehicula tempus. Fusce auctor enim quis enim convallis, eu viverra erat sodales. Maecenas sollicitudin dignissim sodales. Phasellus eu rhoncus nulla. Proin arcu ex, elementum quis ultricies et, bibendum eget est. Ut lacinia lacus nec magna varius, ut pulvinar urna euismod. Nulla luctus, arcu quis consectetur tincidunt, nisl quam blandit lectus, semper vehicula leo quam quis lorem. Proin maximus orci turpis, eu molestie leo pulvinar sit amet. Vivamus viverra, nisi vitae feugiat mattis, purus augue fringilla massa, eu iaculis elit elit vitae leo.</p><p>Aliquam erat volutpat. Pellentesque habitant morbi tristique senectus et netus et malesuada fames ac turpis egestas.</p><p>",(619) 357-6115,619,91916
,Dulzura,CA,"<p>Lorem ipsum dolor sit amet, consectetur adipiscing elit. Nam nec scelerisque purus, eu convallis magna. Suspendisse potenti. Suspendisse facilisis auctor quam in hendrerit. Vivamus mollis erat quis ante porta, vitae volutpat quam pellentesque. Phasellus semper dolor sed efficitur tempor. Sed in consequat urna, ut tempus nisl. Ut venenatis lobortis elit, at viverra erat hendrerit vitae. Sed sit amet purus libero. Interdum et malesuada fames ac ante ipsum primis in faucibus. Aliquam nulla metus, tincidunt ut libero ac, dapibus hendrerit magna. Suspendisse euismod ex eleifend felis porta, consequat ultrices mauris molestie. Curabitur vulputate enim id nibh congue vestibulum. Aliquam viverra facilisis luctus. Curabitur eu augue in mauris egestas euismod quis ut eros. Vivamus libero lorem, convallis a malesuada eget, rutrum non magna.</p><p>Aliquam lacinia egestas diam, a elementum dolor hendrerit ac. Maecenas euismod in libero ut scelerisque. Vivamus eleifend ante id luctus fermentum. Donec sed libero eu risus suscipit luctus non sit amet quam. Vestibulum ante ipsum primis in faucibus orci luctus et ultrices posuere cubilia Curae; Nulla quis dapibus odio, et rhoncus odio. Morbi commodo, ante nec fringilla laoreet, enim diam placerat nunc, dictum pharetra dui arcu id dolor. Vestibulum vehicula turpis a congue imperdiet. Donec condimentum nec ligula eget tempus. Nullam at ante non sapien congue congue ac at nisi. Suspendisse potenti. In a enim non dolor tincidunt aliquet. Quisque a congue neque.</p><p>Mauris nec varius tellus. Donec tempus, lacus quis consequat mattis, neque enim cursus ligula, nec feugiat diam sapien at nunc. Etiam felis nibh, venenatis in aliquam eu, blandit at nunc. Donec id odio pharetra, tincidunt velit et, ullamcorper neque. Nulla finibus est et vehicula tempus. Fusce auctor enim quis enim convallis, eu viverra erat sodales. Maecenas sollicitudin dignissim sodales. Phasellus eu rhoncus nulla. Proin arcu ex, elementum quis ultricies et, bibendum eget est. Ut lacinia lacus nec magna varius, ut pulvinar urna euismod. Nulla luctus, arcu quis consectetur tincidunt, nisl quam blandit lectus, semper vehicula leo quam quis lorem. Proin maximus orci turpis, eu molestie leo pulvinar sit amet. Vivamus viverra, nisi vitae feugiat mattis, purus augue fringilla massa, eu iaculis elit elit vitae leo.</p><p>Aliquam erat volutpat. Pellentesque habitant morbi tristique senectus et netus et malesuada fames ac turpis egestas.</p><p>",(619) 357-6115,619,91917
,El Cajon,CA,"<p>Lorem ipsum dolor sit amet, consectetur adipiscing elit. Nam nec scelerisque purus, eu convallis magna. Suspendisse potenti. Suspendisse facilisis auctor quam in hendrerit. Vivamus mollis erat quis ante porta, vitae volutpat quam pellentesque. Phasellus semper dolor sed efficitur tempor. Sed in consequat urna, ut tempus nisl. Ut venenatis lobortis elit, at viverra erat hendrerit vitae. Sed sit amet purus libero. Interdum et malesuada fames ac ante ipsum primis in faucibus. Aliquam nulla metus, tincidunt ut libero ac, dapibus hendrerit magna. Suspendisse euismod ex eleifend felis porta, consequat ultrices mauris molestie. Curabitur vulputate enim id nibh congue vestibulum. Aliquam viverra facilisis luctus. Curabitur eu augue in mauris egestas euismod quis ut eros. Vivamus libero lorem, convallis a malesuada eget, rutrum non magna.</p><p>Aliquam lacinia egestas diam, a elementum dolor hendrerit ac. Maecenas euismod in libero ut scelerisque. Vivamus eleifend ante id luctus fermentum. Donec sed libero eu risus suscipit luctus non sit amet quam. Vestibulum ante ipsum primis in faucibus orci luctus et ultrices posuere cubilia Curae; Nulla quis dapibus odio, et rhoncus odio. Morbi commodo, ante nec fringilla laoreet, enim diam placerat nunc, dictum pharetra dui arcu id dolor. Vestibulum vehicula turpis a congue imperdiet. Donec condimentum nec ligula eget tempus. Nullam at ante non sapien congue congue ac at nisi. Suspendisse potenti. In a enim non dolor tincidunt aliquet. Quisque a congue neque.</p><p>Mauris nec varius tellus. Donec tempus, lacus quis consequat mattis, neque enim cursus ligula, nec feugiat diam sapien at nunc. Etiam felis nibh, venenatis in aliquam eu, blandit at nunc. Donec id odio pharetra, tincidunt velit et, ullamcorper neque. Nulla finibus est et vehicula tempus. Fusce auctor enim quis enim convallis, eu viverra erat sodales. Maecenas sollicitudin dignissim sodales. Phasellus eu rhoncus nulla. Proin arcu ex, elementum quis ultricies et, bibendum eget est. Ut lacinia lacus nec magna varius, ut pulvinar urna euismod. Nulla luctus, arcu quis consectetur tincidunt, nisl quam blandit lectus, semper vehicula leo quam quis lorem. Proin maximus orci turpis, eu molestie leo pulvinar sit amet. Vivamus viverra, nisi vitae feugiat mattis, purus augue fringilla massa, eu iaculis elit elit vitae leo.</p><p>Aliquam erat volutpat. Pellentesque habitant morbi tristique senectus et netus et malesuada fames ac turpis egestas.</p><p>",(619) 357-6115,619,"92019, 92020, 92021, 92022"
,Guatay,CA,"<p>Lorem ipsum dolor sit amet, consectetur adipiscing elit. Nam nec scelerisque purus, eu convallis magna. Suspendisse potenti. Suspendisse facilisis auctor quam in hendrerit. Vivamus mollis erat quis ante porta, vitae volutpat quam pellentesque. Phasellus semper dolor sed efficitur tempor. Sed in consequat urna, ut tempus nisl. Ut venenatis lobortis elit, at viverra erat hendrerit vitae. Sed sit amet purus libero. Interdum et malesuada fames ac ante ipsum primis in faucibus. Aliquam nulla metus, tincidunt ut libero ac, dapibus hendrerit magna. Suspendisse euismod ex eleifend felis porta, consequat ultrices mauris molestie. Curabitur vulputate enim id nibh congue vestibulum. Aliquam viverra facilisis luctus. Curabitur eu augue in mauris egestas euismod quis ut eros. Vivamus libero lorem, convallis a malesuada eget, rutrum non magna.</p><p>Aliquam lacinia egestas diam, a elementum dolor hendrerit ac. Maecenas euismod in libero ut scelerisque. Vivamus eleifend ante id luctus fermentum. Donec sed libero eu risus suscipit luctus non sit amet quam. Vestibulum ante ipsum primis in faucibus orci luctus et ultrices posuere cubilia Curae; Nulla quis dapibus odio, et rhoncus odio. Morbi commodo, ante nec fringilla laoreet, enim diam placerat nunc, dictum pharetra dui arcu id dolor. Vestibulum vehicula turpis a congue imperdiet. Donec condimentum nec ligula eget tempus. Nullam at ante non sapien congue congue ac at nisi. Suspendisse potenti. In a enim non dolor tincidunt aliquet. Quisque a congue neque.</p><p>Mauris nec varius tellus. Donec tempus, lacus quis consequat mattis, neque enim cursus ligula, nec feugiat diam sapien at nunc. Etiam felis nibh, venenatis in aliquam eu, blandit at nunc. Donec id odio pharetra, tincidunt velit et, ullamcorper neque. Nulla finibus est et vehicula tempus. Fusce auctor enim quis enim convallis, eu viverra erat sodales. Maecenas sollicitudin dignissim sodales. Phasellus eu rhoncus nulla. Proin arcu ex, elementum quis ultricies et, bibendum eget est. Ut lacinia lacus nec magna varius, ut pulvinar urna euismod. Nulla luctus, arcu quis consectetur tincidunt, nisl quam blandit lectus, semper vehicula leo quam quis lorem. Proin maximus orci turpis, eu molestie leo pulvinar sit amet. Vivamus viverra, nisi vitae feugiat mattis, purus augue fringilla massa, eu iaculis elit elit vitae leo.</p><p>Aliquam erat volutpat. Pellentesque habitant morbi tristique senectus et netus et malesuada fames ac turpis egestas.</p><p>",(619) 357-6115,619,91931
,Imperial Beach,CA,"<p>Lorem ipsum dolor sit amet, consectetur adipiscing elit. Nam nec scelerisque purus, eu convallis magna. Suspendisse potenti. Suspendisse facilisis auctor quam in hendrerit. Vivamus mollis erat quis ante porta, vitae volutpat quam pellentesque. Phasellus semper dolor sed efficitur tempor. Sed in consequat urna, ut tempus nisl. Ut venenatis lobortis elit, at viverra erat hendrerit vitae. Sed sit amet purus libero. Interdum et malesuada fames ac ante ipsum primis in faucibus. Aliquam nulla metus, tincidunt ut libero ac, dapibus hendrerit magna. Suspendisse euismod ex eleifend felis porta, consequat ultrices mauris molestie. Curabitur vulputate enim id nibh congue vestibulum. Aliquam viverra facilisis luctus. Curabitur eu augue in mauris egestas euismod quis ut eros. Vivamus libero lorem, convallis a malesuada eget, rutrum non magna.</p><p>Aliquam lacinia egestas diam, a elementum dolor hendrerit ac. Maecenas euismod in libero ut scelerisque. Vivamus eleifend ante id luctus fermentum. Donec sed libero eu risus suscipit luctus non sit amet quam. Vestibulum ante ipsum primis in faucibus orci luctus et ultrices posuere cubilia Curae; Nulla quis dapibus odio, et rhoncus odio. Morbi commodo, ante nec fringilla laoreet, enim diam placerat nunc, dictum pharetra dui arcu id dolor. Vestibulum vehicula turpis a congue imperdiet. Donec condimentum nec ligula eget tempus. Nullam at ante non sapien congue congue ac at nisi. Suspendisse potenti. In a enim non dolor tincidunt aliquet. Quisque a congue neque.</p><p>Mauris nec varius tellus. Donec tempus, lacus quis consequat mattis, neque enim cursus ligula, nec feugiat diam sapien at nunc. Etiam felis nibh, venenatis in aliquam eu, blandit at nunc. Donec id odio pharetra, tincidunt velit et, ullamcorper neque. Nulla finibus est et vehicula tempus. Fusce auctor enim quis enim convallis, eu viverra erat sodales. Maecenas sollicitudin dignissim sodales. Phasellus eu rhoncus nulla. Proin arcu ex, elementum quis ultricies et, bibendum eget est. Ut lacinia lacus nec magna varius, ut pulvinar urna euismod. Nulla luctus, arcu quis consectetur tincidunt, nisl quam blandit lectus, semper vehicula leo quam quis lorem. Proin maximus orci turpis, eu molestie leo pulvinar sit amet. Vivamus viverra, nisi vitae feugiat mattis, purus augue fringilla massa, eu iaculis elit elit vitae leo.</p><p>Aliquam erat volutpat. Pellentesque habitant morbi tristique senectus et netus et malesuada fames ac turpis egestas.</p><p>",(619) 357-6115,619,"91932, 91933"
,Jamul,CA,"<p>Lorem ipsum dolor sit amet, consectetur adipiscing elit. Nam nec scelerisque purus, eu convallis magna. Suspendisse potenti. Suspendisse facilisis auctor quam in hendrerit. Vivamus mollis erat quis ante porta, vitae volutpat quam pellentesque. Phasellus semper dolor sed efficitur tempor. Sed in consequat urna, ut tempus nisl. Ut venenatis lobortis elit, at viverra erat hendrerit vitae. Sed sit amet purus libero. Interdum et malesuada fames ac ante ipsum primis in faucibus. Aliquam nulla metus, tincidunt ut libero ac, dapibus hendrerit magna. Suspendisse euismod ex eleifend felis porta, consequat ultrices mauris molestie. Curabitur vulputate enim id nibh congue vestibulum. Aliquam viverra facilisis luctus. Curabitur eu augue in mauris egestas euismod quis ut eros. Vivamus libero lorem, convallis a malesuada eget, rutrum non magna.</p><p>Aliquam lacinia egestas diam, a elementum dolor hendrerit ac. Maecenas euismod in libero ut scelerisque. Vivamus eleifend ante id luctus fermentum. Donec sed libero eu risus suscipit luctus non sit amet quam. Vestibulum ante ipsum primis in faucibus orci luctus et ultrices posuere cubilia Curae; Nulla quis dapibus odio, et rhoncus odio. Morbi commodo, ante nec fringilla laoreet, enim diam placerat nunc, dictum pharetra dui arcu id dolor. Vestibulum vehicula turpis a congue imperdiet. Donec condimentum nec ligula eget tempus. Nullam at ante non sapien congue congue ac at nisi. Suspendisse potenti. In a enim non dolor tincidunt aliquet. Quisque a congue neque.</p><p>Mauris nec varius tellus. Donec tempus, lacus quis consequat mattis, neque enim cursus ligula, nec feugiat diam sapien at nunc. Etiam felis nibh, venenatis in aliquam eu, blandit at nunc. Donec id odio pharetra, tincidunt velit et, ullamcorper neque. Nulla finibus est et vehicula tempus. Fusce auctor enim quis enim convallis, eu viverra erat sodales. Maecenas sollicitudin dignissim sodales. Phasellus eu rhoncus nulla. Proin arcu ex, elementum quis ultricies et, bibendum eget est. Ut lacinia lacus nec magna varius, ut pulvinar urna euismod. Nulla luctus, arcu quis consectetur tincidunt, nisl quam blandit lectus, semper vehicula leo quam quis lorem. Proin maximus orci turpis, eu molestie leo pulvinar sit amet. Vivamus viverra, nisi vitae feugiat mattis, purus augue fringilla massa, eu iaculis elit elit vitae leo.</p><p>Aliquam erat volutpat. Pellentesque habitant morbi tristique senectus et netus et malesuada fames ac turpis egestas.</p><p>",(619) 357-6115,619,91935
,La Mesa,CA,"<p>Lorem ipsum dolor sit amet, consectetur adipiscing elit. Nam nec scelerisque purus, eu convallis magna. Suspendisse potenti. Suspendisse facilisis auctor quam in hendrerit. Vivamus mollis erat quis ante porta, vitae volutpat quam pellentesque. Phasellus semper dolor sed efficitur tempor. Sed in consequat urna, ut tempus nisl. Ut venenatis lobortis elit, at viverra erat hendrerit vitae. Sed sit amet purus libero. Interdum et malesuada fames ac ante ipsum primis in faucibus. Aliquam nulla metus, tincidunt ut libero ac, dapibus hendrerit magna. Suspendisse euismod ex eleifend felis porta, consequat ultrices mauris molestie. Curabitur vulputate enim id nibh congue vestibulum. Aliquam viverra facilisis luctus. Curabitur eu augue in mauris egestas euismod quis ut eros. Vivamus libero lorem, convallis a malesuada eget, rutrum non magna.</p><p>Aliquam lacinia egestas diam, a elementum dolor hendrerit ac. Maecenas euismod in libero ut scelerisque. Vivamus eleifend ante id luctus fermentum. Donec sed libero eu risus suscipit luctus non sit amet quam. Vestibulum ante ipsum primis in faucibus orci luctus et ultrices posuere cubilia Curae; Nulla quis dapibus odio, et rhoncus odio. Morbi commodo, ante nec fringilla laoreet, enim diam placerat nunc, dictum pharetra dui arcu id dolor. Vestibulum vehicula turpis a congue imperdiet. Donec condimentum nec ligula eget tempus. Nullam at ante non sapien congue congue ac at nisi. Suspendisse potenti. In a enim non dolor tincidunt aliquet. Quisque a congue neque.</p><p>Mauris nec varius tellus. Donec tempus, lacus quis consequat mattis, neque enim cursus ligula, nec feugiat diam sapien at nunc. Etiam felis nibh, venenatis in aliquam eu, blandit at nunc. Donec id odio pharetra, tincidunt velit et, ullamcorper neque. Nulla finibus est et vehicula tempus. Fusce auctor enim quis enim convallis, eu viverra erat sodales. Maecenas sollicitudin dignissim sodales. Phasellus eu rhoncus nulla. Proin arcu ex, elementum quis ultricies et, bibendum eget est. Ut lacinia lacus nec magna varius, ut pulvinar urna euismod. Nulla luctus, arcu quis consectetur tincidunt, nisl quam blandit lectus, semper vehicula leo quam quis lorem. Proin maximus orci turpis, eu molestie leo pulvinar sit amet. Vivamus viverra, nisi vitae feugiat mattis, purus augue fringilla massa, eu iaculis elit elit vitae leo.</p><p>Aliquam erat volutpat. Pellentesque habitant morbi tristique senectus et netus et malesuada fames ac turpis egestas.</p><p>",(619) 357-6115,619,"91941, 91942, 91943, 91944"
,Lakeside,CA,"<p>Lorem ipsum dolor sit amet, consectetur adipiscing elit. Nam nec scelerisque purus, eu convallis magna. Suspendisse potenti. Suspendisse facilisis auctor quam in hendrerit. Vivamus mollis erat quis ante porta, vitae volutpat quam pellentesque. Phasellus semper dolor sed efficitur tempor. Sed in consequat urna, ut tempus nisl. Ut venenatis lobortis elit, at viverra erat hendrerit vitae. Sed sit amet purus libero. Interdum et malesuada fames ac ante ipsum primis in faucibus. Aliquam nulla metus, tincidunt ut libero ac, dapibus hendrerit magna. Suspendisse euismod ex eleifend felis porta, consequat ultrices mauris molestie. Curabitur vulputate enim id nibh congue vestibulum. Aliquam viverra facilisis luctus. Curabitur eu augue in mauris egestas euismod quis ut eros. Vivamus libero lorem, convallis a malesuada eget, rutrum non magna.</p><p>Aliquam lacinia egestas diam, a elementum dolor hendrerit ac. Maecenas euismod in libero ut scelerisque. Vivamus eleifend ante id luctus fermentum. Donec sed libero eu risus suscipit luctus non sit amet quam. Vestibulum ante ipsum primis in faucibus orci luctus et ultrices posuere cubilia Curae; Nulla quis dapibus odio, et rhoncus odio. Morbi commodo, ante nec fringilla laoreet, enim diam placerat nunc, dictum pharetra dui arcu id dolor. Vestibulum vehicula turpis a congue imperdiet. Donec condimentum nec ligula eget tempus. Nullam at ante non sapien congue congue ac at nisi. Suspendisse potenti. In a enim non dolor tincidunt aliquet. Quisque a congue neque.</p><p>Mauris nec varius tellus. Donec tempus, lacus quis consequat mattis, neque enim cursus ligula, nec feugiat diam sapien at nunc. Etiam felis nibh, venenatis in aliquam eu, blandit at nunc. Donec id odio pharetra, tincidunt velit et, ullamcorper neque. Nulla finibus est et vehicula tempus. Fusce auctor enim quis enim convallis, eu viverra erat sodales. Maecenas sollicitudin dignissim sodales. Phasellus eu rhoncus nulla. Proin arcu ex, elementum quis ultricies et, bibendum eget est. Ut lacinia lacus nec magna varius, ut pulvinar urna euismod. Nulla luctus, arcu quis consectetur tincidunt, nisl quam blandit lectus, semper vehicula leo quam quis lorem. Proin maximus orci turpis, eu molestie leo pulvinar sit amet. Vivamus viverra, nisi vitae feugiat mattis, purus augue fringilla massa, eu iaculis elit elit vitae leo.</p><p>Aliquam erat volutpat. Pellentesque habitant morbi tristique senectus et netus et malesuada fames ac turpis egestas.</p><p>",(619) 357-6115,619,92040
,Lemon Grove,CA,"<p>Lorem ipsum dolor sit amet, consectetur adipiscing elit. Nam nec scelerisque purus, eu convallis magna. Suspendisse potenti. Suspendisse facilisis auctor quam in hendrerit. Vivamus mollis erat quis ante porta, vitae volutpat quam pellentesque. Phasellus semper dolor sed efficitur tempor. Sed in consequat urna, ut tempus nisl. Ut venenatis lobortis elit, at viverra erat hendrerit vitae. Sed sit amet purus libero. Interdum et malesuada fames ac ante ipsum primis in faucibus. Aliquam nulla metus, tincidunt ut libero ac, dapibus hendrerit magna. Suspendisse euismod ex eleifend felis porta, consequat ultrices mauris molestie. Curabitur vulputate enim id nibh congue vestibulum. Aliquam viverra facilisis luctus. Curabitur eu augue in mauris egestas euismod quis ut eros. Vivamus libero lorem, convallis a malesuada eget, rutrum non magna.</p><p>Aliquam lacinia egestas diam, a elementum dolor hendrerit ac. Maecenas euismod in libero ut scelerisque. Vivamus eleifend ante id luctus fermentum. Donec sed libero eu risus suscipit luctus non sit amet quam. Vestibulum ante ipsum primis in faucibus orci luctus et ultrices posuere cubilia Curae; Nulla quis dapibus odio, et rhoncus odio. Morbi commodo, ante nec fringilla laoreet, enim diam placerat nunc, dictum pharetra dui arcu id dolor. Vestibulum vehicula turpis a congue imperdiet. Donec condimentum nec ligula eget tempus. Nullam at ante non sapien congue congue ac at nisi. Suspendisse potenti. In a enim non dolor tincidunt aliquet. Quisque a congue neque.</p><p>Mauris nec varius tellus. Donec tempus, lacus quis consequat mattis, neque enim cursus ligula, nec feugiat diam sapien at nunc. Etiam felis nibh, venenatis in aliquam eu, blandit at nunc. Donec id odio pharetra, tincidunt velit et, ullamcorper neque. Nulla finibus est et vehicula tempus. Fusce auctor enim quis enim convallis, eu viverra erat sodales. Maecenas sollicitudin dignissim sodales. Phasellus eu rhoncus nulla. Proin arcu ex, elementum quis ultricies et, bibendum eget est. Ut lacinia lacus nec magna varius, ut pulvinar urna euismod. Nulla luctus, arcu quis consectetur tincidunt, nisl quam blandit lectus, semper vehicula leo quam quis lorem. Proin maximus orci turpis, eu molestie leo pulvinar sit amet. Vivamus viverra, nisi vitae feugiat mattis, purus augue fringilla massa, eu iaculis elit elit vitae leo.</p><p>Aliquam erat volutpat. Pellentesque habitant morbi tristique senectus et netus et malesuada fames ac turpis egestas.</p><p>",(619) 357-6115,619,"91945, 91946"
,Lincoln Acres,CA,"<p>Lorem ipsum dolor sit amet, consectetur adipiscing elit. Nam nec scelerisque purus, eu convallis magna. Suspendisse potenti. Suspendisse facilisis auctor quam in hendrerit. Vivamus mollis erat quis ante porta, vitae volutpat quam pellentesque. Phasellus semper dolor sed efficitur tempor. Sed in consequat urna, ut tempus nisl. Ut venenatis lobortis elit, at viverra erat hendrerit vitae. Sed sit amet purus libero. Interdum et malesuada fames ac ante ipsum primis in faucibus. Aliquam nulla metus, tincidunt ut libero ac, dapibus hendrerit magna. Suspendisse euismod ex eleifend felis porta, consequat ultrices mauris molestie. Curabitur vulputate enim id nibh congue vestibulum. Aliquam viverra facilisis luctus. Curabitur eu augue in mauris egestas euismod quis ut eros. Vivamus libero lorem, convallis a malesuada eget, rutrum non magna.</p><p>Aliquam lacinia egestas diam, a elementum dolor hendrerit ac. Maecenas euismod in libero ut scelerisque. Vivamus eleifend ante id luctus fermentum. Donec sed libero eu risus suscipit luctus non sit amet quam. Vestibulum ante ipsum primis in faucibus orci luctus et ultrices posuere cubilia Curae; Nulla quis dapibus odio, et rhoncus odio. Morbi commodo, ante nec fringilla laoreet, enim diam placerat nunc, dictum pharetra dui arcu id dolor. Vestibulum vehicula turpis a congue imperdiet. Donec condimentum nec ligula eget tempus. Nullam at ante non sapien congue congue ac at nisi. Suspendisse potenti. In a enim non dolor tincidunt aliquet. Quisque a congue neque.</p><p>Mauris nec varius tellus. Donec tempus, lacus quis consequat mattis, neque enim cursus ligula, nec feugiat diam sapien at nunc. Etiam felis nibh, venenatis in aliquam eu, blandit at nunc. Donec id odio pharetra, tincidunt velit et, ullamcorper neque. Nulla finibus est et vehicula tempus. Fusce auctor enim quis enim convallis, eu viverra erat sodales. Maecenas sollicitudin dignissim sodales. Phasellus eu rhoncus nulla. Proin arcu ex, elementum quis ultricies et, bibendum eget est. Ut lacinia lacus nec magna varius, ut pulvinar urna euismod. Nulla luctus, arcu quis consectetur tincidunt, nisl quam blandit lectus, semper vehicula leo quam quis lorem. Proin maximus orci turpis, eu molestie leo pulvinar sit amet. Vivamus viverra, nisi vitae feugiat mattis, purus augue fringilla massa, eu iaculis elit elit vitae leo.</p><p>Aliquam erat volutpat. Pellentesque habitant morbi tristique senectus et netus et malesuada fames ac turpis egestas.</p><p>",(619) 357-6115,619,91947
,National City,CA,"<p>Lorem ipsum dolor sit amet, consectetur adipiscing elit. Nam nec scelerisque purus, eu convallis magna. Suspendisse potenti. Suspendisse facilisis auctor quam in hendrerit. Vivamus mollis erat quis ante porta, vitae volutpat quam pellentesque. Phasellus semper dolor sed efficitur tempor. Sed in consequat urna, ut tempus nisl. Ut venenatis lobortis elit, at viverra erat hendrerit vitae. Sed sit amet purus libero. Interdum et malesuada fames ac ante ipsum primis in faucibus. Aliquam nulla metus, tincidunt ut libero ac, dapibus hendrerit magna. Suspendisse euismod ex eleifend felis porta, consequat ultrices mauris molestie. Curabitur vulputate enim id nibh congue vestibulum. Aliquam viverra facilisis luctus. Curabitur eu augue in mauris egestas euismod quis ut eros. Vivamus libero lorem, convallis a malesuada eget, rutrum non magna.</p><p>Aliquam lacinia egestas diam, a elementum dolor hendrerit ac. Maecenas euismod in libero ut scelerisque. Vivamus eleifend ante id luctus fermentum. Donec sed libero eu risus suscipit luctus non sit amet quam. Vestibulum ante ipsum primis in faucibus orci luctus et ultrices posuere cubilia Curae; Nulla quis dapibus odio, et rhoncus odio. Morbi commodo, ante nec fringilla laoreet, enim diam placerat nunc, dictum pharetra dui arcu id dolor. Vestibulum vehicula turpis a congue imperdiet. Donec condimentum nec ligula eget tempus. Nullam at ante non sapien congue congue ac at nisi. Suspendisse potenti. In a enim non dolor tincidunt aliquet. Quisque a congue neque.</p><p>Mauris nec varius tellus. Donec tempus, lacus quis consequat mattis, neque enim cursus ligula, nec feugiat diam sapien at nunc. Etiam felis nibh, venenatis in aliquam eu, blandit at nunc. Donec id odio pharetra, tincidunt velit et, ullamcorper neque. Nulla finibus est et vehicula tempus. Fusce auctor enim quis enim convallis, eu viverra erat sodales. Maecenas sollicitudin dignissim sodales. Phasellus eu rhoncus nulla. Proin arcu ex, elementum quis ultricies et, bibendum eget est. Ut lacinia lacus nec magna varius, ut pulvinar urna euismod. Nulla luctus, arcu quis consectetur tincidunt, nisl quam blandit lectus, semper vehicula leo quam quis lorem. Proin maximus orci turpis, eu molestie leo pulvinar sit amet. Vivamus viverra, nisi vitae feugiat mattis, purus augue fringilla massa, eu iaculis elit elit vitae leo.</p><p>Aliquam erat volutpat. Pellentesque habitant morbi tristique senectus et netus et malesuada fames ac turpis egestas.</p><p>",(619) 357-6115,619,"91950, 91951"
,San Diego,CA,"<p>Lorem ipsum dolor sit amet, consectetur adipiscing elit. Nam nec scelerisque purus, eu convallis magna. Suspendisse potenti. Suspendisse facilisis auctor quam in hendrerit. Vivamus mollis erat quis ante porta, vitae volutpat quam pellentesque. Phasellus semper dolor sed efficitur tempor. Sed in consequat urna, ut tempus nisl. Ut venenatis lobortis elit, at viverra erat hendrerit vitae. Sed sit amet purus libero. Interdum et malesuada fames ac ante ipsum primis in faucibus. Aliquam nulla metus, tincidunt ut libero ac, dapibus hendrerit magna. Suspendisse euismod ex eleifend felis porta, consequat ultrices mauris molestie. Curabitur vulputate enim id nibh congue vestibulum. Aliquam viverra facilisis luctus. Curabitur eu augue in mauris egestas euismod quis ut eros. Vivamus libero lorem, convallis a malesuada eget, rutrum non magna.</p><p>Aliquam lacinia egestas diam, a elementum dolor hendrerit ac. Maecenas euismod in libero ut scelerisque. Vivamus eleifend ante id luctus fermentum. Donec sed libero eu risus suscipit luctus non sit amet quam. Vestibulum ante ipsum primis in faucibus orci luctus et ultrices posuere cubilia Curae; Nulla quis dapibus odio, et rhoncus odio. Morbi commodo, ante nec fringilla laoreet, enim diam placerat nunc, dictum pharetra dui arcu id dolor. Vestibulum vehicula turpis a congue imperdiet. Donec condimentum nec ligula eget tempus. Nullam at ante non sapien congue congue ac at nisi. Suspendisse potenti. In a enim non dolor tincidunt aliquet. Quisque a congue neque.</p><p>Mauris nec varius tellus. Donec tempus, lacus quis consequat mattis, neque enim cursus ligula, nec feugiat diam sapien at nunc. Etiam felis nibh, venenatis in aliquam eu, blandit at nunc. Donec id odio pharetra, tincidunt velit et, ullamcorper neque. Nulla finibus est et vehicula tempus. Fusce auctor enim quis enim convallis, eu viverra erat sodales. Maecenas sollicitudin dignissim sodales. Phasellus eu rhoncus nulla. Proin arcu ex, elementum quis ultricies et, bibendum eget est. Ut lacinia lacus nec magna varius, ut pulvinar urna euismod. Nulla luctus, arcu quis consectetur tincidunt, nisl quam blandit lectus, semper vehicula leo quam quis lorem. Proin maximus orci turpis, eu molestie leo pulvinar sit amet. Vivamus viverra, nisi vitae feugiat mattis, purus augue fringilla massa, eu iaculis elit elit vitae leo.</p><p>Aliquam erat volutpat. Pellentesque habitant morbi tristique senectus et netus et malesuada fames ac turpis egestas.</p><p>",(619) 357-6115,619,"92101, 92102, 92103, 92104, 92105, 92106, 92107, 92108, 92109, 92110, 92111, 92112, 92113, 92114, 92115, 92116, 92117, 92119, 92120, 92121, 92122, 92123, 92124, 92126, 92127, 92128, 92129, 92130, 92131, 92132, 92134, 92135, 92136, 92137, 92138, 92139, 92140, 92142, 92145, 92147, 92149, 92150, 92152, 92153, 92154, 92155, 92158, 92159, 92160, 92161, 92163, 92164, 92165, 92166, 92167, 92168, 92169, 92170, 92171, 92172, 92174, 92175, 92176, 92177, 92179, 92182, 92186, 92187, 92190, 92191, 92192, 92193, 92195, 92196, 92197, 92198, 92199"
,San Ysidro,CA,"<p>Lorem ipsum dolor sit amet, consectetur adipiscing elit. Nam nec scelerisque purus, eu convallis magna. Suspendisse potenti. Suspendisse facilisis auctor quam in hendrerit. Vivamus mollis erat quis ante porta, vitae volutpat quam pellentesque. Phasellus semper dolor sed efficitur tempor. Sed in consequat urna, ut tempus nisl. Ut venenatis lobortis elit, at viverra erat hendrerit vitae. Sed sit amet purus libero. Interdum et malesuada fames ac ante ipsum primis in faucibus. Aliquam nulla metus, tincidunt ut libero ac, dapibus hendrerit magna. Suspendisse euismod ex eleifend felis porta, consequat ultrices mauris molestie. Curabitur vulputate enim id nibh congue vestibulum. Aliquam viverra facilisis luctus. Curabitur eu augue in mauris egestas euismod quis ut eros. Vivamus libero lorem, convallis a malesuada eget, rutrum non magna.</p><p>Aliquam lacinia egestas diam, a elementum dolor hendrerit ac. Maecenas euismod in libero ut scelerisque. Vivamus eleifend ante id luctus fermentum. Donec sed libero eu risus suscipit luctus non sit amet quam. Vestibulum ante ipsum primis in faucibus orci luctus et ultrices posuere cubilia Curae; Nulla quis dapibus odio, et rhoncus odio. Morbi commodo, ante nec fringilla laoreet, enim diam placerat nunc, dictum pharetra dui arcu id dolor. Vestibulum vehicula turpis a congue imperdiet. Donec condimentum nec ligula eget tempus. Nullam at ante non sapien congue congue ac at nisi. Suspendisse potenti. In a enim non dolor tincidunt aliquet. Quisque a congue neque.</p><p>Mauris nec varius tellus. Donec tempus, lacus quis consequat mattis, neque enim cursus ligula, nec feugiat diam sapien at nunc. Etiam felis nibh, venenatis in aliquam eu, blandit at nunc. Donec id odio pharetra, tincidunt velit et, ullamcorper neque. Nulla finibus est et vehicula tempus. Fusce auctor enim quis enim convallis, eu viverra erat sodales. Maecenas sollicitudin dignissim sodales. Phasellus eu rhoncus nulla. Proin arcu ex, elementum quis ultricies et, bibendum eget est. Ut lacinia lacus nec magna varius, ut pulvinar urna euismod. Nulla luctus, arcu quis consectetur tincidunt, nisl quam blandit lectus, semper vehicula leo quam quis lorem. Proin maximus orci turpis, eu molestie leo pulvinar sit amet. Vivamus viverra, nisi vitae feugiat mattis, purus augue fringilla massa, eu iaculis elit elit vitae leo.</p><p>Aliquam erat volutpat. Pellentesque habitant morbi tristique senectus et netus et malesuada fames ac turpis egestas.</p><p>",(619) 357-6115,619,"92143, 92173"
,Santee,CA,"<p>Lorem ipsum dolor sit amet, consectetur adipiscing elit. Nam nec scelerisque purus, eu convallis magna. Suspendisse potenti. Suspendisse facilisis auctor quam in hendrerit. Vivamus mollis erat quis ante porta, vitae volutpat quam pellentesque. Phasellus semper dolor sed efficitur tempor. Sed in consequat urna, ut tempus nisl. Ut venenatis lobortis elit, at viverra erat hendrerit vitae. Sed sit amet purus libero. Interdum et malesuada fames ac ante ipsum primis in faucibus. Aliquam nulla metus, tincidunt ut libero ac, dapibus hendrerit magna. Suspendisse euismod ex eleifend felis porta, consequat ultrices mauris molestie. Curabitur vulputate enim id nibh congue vestibulum. Aliquam viverra facilisis luctus. Curabitur eu augue in mauris egestas euismod quis ut eros. Vivamus libero lorem, convallis a malesuada eget, rutrum non magna.</p><p>Aliquam lacinia egestas diam, a elementum dolor hendrerit ac. Maecenas euismod in libero ut scelerisque. Vivamus eleifend ante id luctus fermentum. Donec sed libero eu risus suscipit luctus non sit amet quam. Vestibulum ante ipsum primis in faucibus orci luctus et ultrices posuere cubilia Curae; Nulla quis dapibus odio, et rhoncus odio. Morbi commodo, ante nec fringilla laoreet, enim diam placerat nunc, dictum pharetra dui arcu id dolor. Vestibulum vehicula turpis a congue imperdiet. Donec condimentum nec ligula eget tempus. Nullam at ante non sapien congue congue ac at nisi. Suspendisse potenti. In a enim non dolor tincidunt aliquet. Quisque a congue neque.</p><p>Mauris nec varius tellus. Donec tempus, lacus quis consequat mattis, neque enim cursus ligula, nec feugiat diam sapien at nunc. Etiam felis nibh, venenatis in aliquam eu, blandit at nunc. Donec id odio pharetra, tincidunt velit et, ullamcorper neque. Nulla finibus est et vehicula tempus. Fusce auctor enim quis enim convallis, eu viverra erat sodales. Maecenas sollicitudin dignissim sodales. Phasellus eu rhoncus nulla. Proin arcu ex, elementum quis ultricies et, bibendum eget est. Ut lacinia lacus nec magna varius, ut pulvinar urna euismod. Nulla luctus, arcu quis consectetur tincidunt, nisl quam blandit lectus, semper vehicula leo quam quis lorem. Proin maximus orci turpis, eu molestie leo pulvinar sit amet. Vivamus viverra, nisi vitae feugiat mattis, purus augue fringilla massa, eu iaculis elit elit vitae leo.</p><p>Aliquam erat volutpat. Pellentesque habitant morbi tristique senectus et netus et malesuada fames ac turpis egestas.</p><p>",(619) 357-6115,619,"92071, 92072"
,Spring Valley,CA,"<p>Lorem ipsum dolor sit amet, consectetur adipiscing elit. Nam nec scelerisque purus, eu convallis magna. Suspendisse potenti. Suspendisse facilisis auctor quam in hendrerit. Vivamus mollis erat quis ante porta, vitae volutpat quam pellentesque. Phasellus semper dolor sed efficitur tempor. Sed in consequat urna, ut tempus nisl. Ut venenatis lobortis elit, at viverra erat hendrerit vitae. Sed sit amet purus libero. Interdum et malesuada fames ac ante ipsum primis in faucibus. Aliquam nulla metus, tincidunt ut libero ac, dapibus hendrerit magna. Suspendisse euismod ex eleifend felis porta, consequat ultrices mauris molestie. Curabitur vulputate enim id nibh congue vestibulum. Aliquam viverra facilisis luctus. Curabitur eu augue in mauris egestas euismod quis ut eros. Vivamus libero lorem, convallis a malesuada eget, rutrum non magna.</p><p>Aliquam lacinia egestas diam, a elementum dolor hendrerit ac. Maecenas euismod in libero ut scelerisque. Vivamus eleifend ante id luctus fermentum. Donec sed libero eu risus suscipit luctus non sit amet quam. Vestibulum ante ipsum primis in faucibus orci luctus et ultrices posuere cubilia Curae; Nulla quis dapibus odio, et rhoncus odio. Morbi commodo, ante nec fringilla laoreet, enim diam placerat nunc, dictum pharetra dui arcu id dolor. Vestibulum vehicula turpis a congue imperdiet. Donec condimentum nec ligula eget tempus. Nullam at ante non sapien congue congue ac at nisi. Suspendisse potenti. In a enim non dolor tincidunt aliquet. Quisque a congue neque.</p><p>Mauris nec varius tellus. Donec tempus, lacus quis consequat mattis, neque enim cursus ligula, nec feugiat diam sapien at nunc. Etiam felis nibh, venenatis in aliquam eu, blandit at nunc. Donec id odio pharetra, tincidunt velit et, ullamcorper neque. Nulla finibus est et vehicula tempus. Fusce auctor enim quis enim convallis, eu viverra erat sodales. Maecenas sollicitudin dignissim sodales. Phasellus eu rhoncus nulla. Proin arcu ex, elementum quis ultricies et, bibendum eget est. Ut lacinia lacus nec magna varius, ut pulvinar urna euismod. Nulla luctus, arcu quis consectetur tincidunt, nisl quam blandit lectus, semper vehicula leo quam quis lorem. Proin maximus orci turpis, eu molestie leo pulvinar sit amet. Vivamus viverra, nisi vitae feugiat mattis, purus augue fringilla massa, eu iaculis elit elit vitae leo.</p><p>Aliquam erat volutpat. Pellentesque habitant morbi tristique senectus et netus et malesuada fames ac turpis egestas.</p><p>",(619) 357-6115,619,"91976, 91977, 91978, 91979"
,Tecate,CA,"<p>Lorem ipsum dolor sit amet, consectetur adipiscing elit. Nam nec scelerisque purus, eu convallis magna. Suspendisse potenti. Suspendisse facilisis auctor quam in hendrerit. Vivamus mollis erat quis ante porta, vitae volutpat quam pellentesque. Phasellus semper dolor sed efficitur tempor. Sed in consequat urna, ut tempus nisl. Ut venenatis lobortis elit, at viverra erat hendrerit vitae. Sed sit amet purus libero. Interdum et malesuada fames ac ante ipsum primis in faucibus. Aliquam nulla metus, tincidunt ut libero ac, dapibus hendrerit magna. Suspendisse euismod ex eleifend felis porta, consequat ultrices mauris molestie. Curabitur vulputate enim id nibh congue vestibulum. Aliquam viverra facilisis luctus. Curabitur eu augue in mauris egestas euismod quis ut eros. Vivamus libero lorem, convallis a malesuada eget, rutrum non magna.</p><p>Aliquam lacinia egestas diam, a elementum dolor hendrerit ac. Maecenas euismod in libero ut scelerisque. Vivamus eleifend ante id luctus fermentum. Donec sed libero eu risus suscipit luctus non sit amet quam. Vestibulum ante ipsum primis in faucibus orci luctus et ultrices posuere cubilia Curae; Nulla quis dapibus odio, et rhoncus odio. Morbi commodo, ante nec fringilla laoreet, enim diam placerat nunc, dictum pharetra dui arcu id dolor. Vestibulum vehicula turpis a congue imperdiet. Donec condimentum nec ligula eget tempus. Nullam at ante non sapien congue congue ac at nisi. Suspendisse potenti. In a enim non dolor tincidunt aliquet. Quisque a congue neque.</p><p>Mauris nec varius tellus. Donec tempus, lacus quis consequat mattis, neque enim cursus ligula, nec feugiat diam sapien at nunc. Etiam felis nibh, venenatis in aliquam eu, blandit at nunc. Donec id odio pharetra, tincidunt velit et, ullamcorper neque. Nulla finibus est et vehicula tempus. Fusce auctor enim quis enim convallis, eu viverra erat sodales. Maecenas sollicitudin dignissim sodales. Phasellus eu rhoncus nulla. Proin arcu ex, elementum quis ultricies et, bibendum eget est. Ut lacinia lacus nec magna varius, ut pulvinar urna euismod. Nulla luctus, arcu quis consectetur tincidunt, nisl quam blandit lectus, semper vehicula leo quam quis lorem. Proin maximus orci turpis, eu molestie leo pulvinar sit amet. Vivamus viverra, nisi vitae feugiat mattis, purus augue fringilla massa, eu iaculis elit elit vitae leo.</p><p>Aliquam erat volutpat. Pellentesque habitant morbi tristique senectus et netus et malesuada fames ac turpis egestas.</p><p>",(619) 357-6115,619,"91980, 91987"