1,90263,CA,"<p>Lorem ipsum dolor sit amet, consectetur adipiscing elit. Vivamus hendrerit consequat risus, et rhoncus quam interdum vel. Nullam semper suscipit nisl, ut sodales metus vehicula id. Morbi quis nisl diam. Maecenas elementum lectus nec elit sollicitudin, id mollis nibh finibus. Vestibulum sodales eget ipsum quis congue. Ut vulputate ligula dui, vel vestibulum orci vehicula et. Etiam eu lectus elit. Mauris pulvinar nisi vel sollicitudin tincidunt. Integer ex turpis, hendrerit in mauris quis, suscipit pharetra odio. Vestibulum ante ipsum primis in faucibus orci luctus et ultrices posuere cubilia Curae; Vivamus nec dapibus velit, sit amet viverra mauris. Aliquam imperdiet et nunc nec egestas. Mauris eget mi lectus. Etiam consectetur, quam at sagittis tristique, nisl orci viverra odio, at ullamcorper risus erat vel ex. Ut pellentesque tortor vel massa bibendum imperdiet. Nam egestas nunc a fermentum eleifend. Donec vel consectetur augue, ut tincidunt erat. Maecenas dolor est, semper quis egestas id, interdum a risus. Aenean vel ultricies lorem. Nunc in arcu vulputate, tempor ipsum at, dictum nibh. Aenean aliquet at purus nec faucibus. Etiam egestas purus vel dictum consequat. Donec fermentum mollis vehicula. Pellentesque ac urna nec urna blandit ornare eget non libero. In hac habitasse platea dictumst. Nulla facilisi. Aliquam tortor ex, mollis et est id, tempor sollicitudin mauris. Quisque ornare est lorem, eu varius mauris ornare eu. Suspendisse posuere, mauris eget viverra placerat, diam lorem placerat odio, quis elementum massa tellus et ante. Donec luctus convallis massa non volutpat. Vestibulum euismod, tellus et dapibus luctus, risus neque mattis magna, et tincidunt neque magna eget ligula. Duis pulvinar tincidunt nisi sit amet viverra. Fusce in molestie enim, vel euismod ipsum. Nam eget risus in mauris scelerisque imperdiet. Sed tempor, sem sit amet cursus bibendum, nisi nibh pulvinar lorem, vitae laoreet justo nulla a dui. Cras ut orci ut neque tempus scelerisque. Nulla vestibulum elementum orci, sed porta justo viverra vitae. Donec tempus egestas ante, eget facilisis dui condimentum at. Donec quis odio commodo, vulputate libero sed, tempor massa. Maecenas viverra tortor id ultricies elementum. Curabitur imperdiet vestibulum libero sed hendrerit.</p>",0,0,90263
2,90264,CA,"<p>Lorem ipsum dolor sit amet, consectetur adipiscing elit. Vivamus hendrerit consequat risus, et rhoncus quam interdum vel. Nullam semper suscipit nisl, ut sodales metus vehicula id. Morbi quis nisl diam. Maecenas elementum lectus nec elit sollicitudin, id mollis nibh finibus. Vestibulum sodales eget ipsum quis congue. Ut vulputate ligula dui, vel vestibulum orci vehicula et. Etiam eu lectus elit. Mauris pulvinar nisi vel sollicitudin tincidunt. Integer ex turpis, hendrerit in mauris quis, suscipit pharetra odio. Vestibulum ante ipsum primis in faucibus orci luctus et ultrices posuere cubilia Curae; Vivamus nec dapibus velit, sit amet viverra mauris. Aliquam imperdiet et nunc nec egestas. Mauris eget mi lectus. Etiam consectetur, quam at sagittis tristique, nisl orci viverra odio, at ullamcorper risus erat vel ex. Ut pellentesque tortor vel massa bibendum imperdiet. Nam egestas nunc a fermentum eleifend. Donec vel consectetur augue, ut tincidunt erat. Maecenas dolor est, semper quis egestas id, interdum a risus. Aenean vel ultricies lorem. Nunc in arcu vulputate, tempor ipsum at, dictum nibh. Aenean aliquet at purus nec faucibus. Etiam egestas purus vel dictum consequat. Donec fermentum mollis vehicula. Pellentesque ac urna nec urna blandit ornare eget non libero. In hac habitasse platea dictumst. Nulla facilisi. Aliquam tortor ex, mollis et est id, tempor sollicitudin mauris. Quisque ornare est lorem, eu varius mauris ornare eu. Suspendisse posuere, mauris eget viverra placerat, diam lorem placerat odio, quis elementum massa tellus et ante. Donec luctus convallis massa non volutpat. Vestibulum euismod, tellus et dapibus luctus, risus neque mattis magna, et tincidunt neque magna eget ligula. Duis pulvinar tincidunt nisi sit amet viverra. Fusce in molestie enim, vel euismod ipsum. Nam eget risus in mauris scelerisque imperdiet. Sed tempor, sem sit amet cursus bibendum, nisi nibh pulvinar lorem, vitae laoreet justo nulla a dui. Cras ut orci ut neque tempus scelerisque. Nulla vestibulum elementum orci, sed porta justo viverra vitae. Donec tempus egestas ante, eget facilisis dui condimentum at. Donec quis odio commodo, vulputate libero sed, tempor massa. Maecenas viverra tortor id ultricies elementum. Curabitur imperdiet vestibulum libero sed hendrerit.</p>",,,90264
3,90265,CA,"<p>Lorem ipsum dolor sit amet, consectetur adipiscing elit. Vivamus hendrerit consequat risus, et rhoncus quam interdum vel. Nullam semper suscipit nisl, ut sodales metus vehicula id. Morbi quis nisl diam. Maecenas elementum lectus nec elit sollicitudin, id mollis nibh finibus. Vestibulum sodales eget ipsum quis congue. Ut vulputate ligula dui, vel vestibulum orci vehicula et. Etiam eu lectus elit. Mauris pulvinar nisi vel sollicitudin tincidunt. Integer ex turpis, hendrerit in mauris quis, suscipit pharetra odio. Vestibulum ante ipsum primis in faucibus orci luctus et ultrices posuere cubilia Curae; Vivamus nec dapibus velit, sit amet viverra mauris. Aliquam imperdiet et nunc nec egestas. Mauris eget mi lectus. Etiam consectetur, quam at sagittis tristique, nisl orci viverra odio, at ullamcorper risus erat vel ex. Ut pellentesque tortor vel massa bibendum imperdiet. Nam egestas nunc a fermentum eleifend. Donec vel consectetur augue, ut tincidunt erat. Maecenas dolor est, semper quis egestas id, interdum a risus. Aenean vel ultricies lorem. Nunc in arcu vulputate, tempor ipsum at, dictum nibh. Aenean aliquet at purus nec faucibus. Etiam egestas purus vel dictum consequat. Donec fermentum mollis vehicula. Pellentesque ac urna nec urna blandit ornare eget non libero. In hac habitasse platea dictumst. Nulla facilisi. Aliquam tortor ex, mollis et est id, tempor sollicitudin mauris. Quisque ornare est lorem, eu varius mauris ornare eu. Suspendisse posuere, mauris eget viverra placerat, diam lorem placerat odio, quis elementum massa tellus et ante. Donec luctus convallis massa non volutpat. Vestibulum euismod, tellus et dapibus luctus, risus neque mattis magna, et tincidunt neque magna eget ligula. Duis pulvinar tincidunt nisi sit amet viverra. Fusce in molestie enim, vel euismod ipsum. Nam eget risus in mauris scelerisque imperdiet. Sed tempor, sem sit amet cursus bibendum, nisi nibh pulvinar lorem, vitae laoreet justo nulla a dui. Cras ut orci ut neque tempus scelerisque. Nulla vestibulum elementum orci, sed porta justo viverra vitae. Donec tempus egestas ante, eget facilisis dui condimentum at. Donec quis odio commodo, vulputate libero sed, tempor massa. Maecenas viverra tortor id ultricies elementum. Curabitur imperdiet vestibulum libero sed hendrerit.</p>",,,90265
4,90401,CA,"<p>Lorem ipsum dolor sit amet, consectetur adipiscing elit. Vivamus hendrerit consequat risus, et rhoncus quam interdum vel. Nullam semper suscipit nisl, ut sodales metus vehicula id. Morbi quis nisl diam. Maecenas elementum lectus nec elit sollicitudin, id mollis nibh finibus. Vestibulum sodales eget ipsum quis congue. Ut vulputate ligula dui, vel vestibulum orci vehicula et. Etiam eu lectus elit. Mauris pulvinar nisi vel sollicitudin tincidunt. Integer ex turpis, hendrerit in mauris quis, suscipit pharetra odio. Vestibulum ante ipsum primis in faucibus orci luctus et ultrices posuere cubilia Curae; Vivamus nec dapibus velit, sit amet viverra mauris. Aliquam imperdiet et nunc nec egestas. Mauris eget mi lectus. Etiam consectetur, quam at sagittis tristique, nisl orci viverra odio, at ullamcorper risus erat vel ex. Ut pellentesque tortor vel massa bibendum imperdiet. Nam egestas nunc a fermentum eleifend. Donec vel consectetur augue, ut tincidunt erat. Maecenas dolor est, semper quis egestas id, interdum a risus. Aenean vel ultricies lorem. Nunc in arcu vulputate, tempor ipsum at, dictum nibh. Aenean aliquet at purus nec faucibus. Etiam egestas purus vel dictum consequat. Donec fermentum mollis vehicula. Pellentesque ac urna nec urna blandit ornare eget non libero. In hac habitasse platea dictumst. Nulla facilisi. Aliquam tortor ex, mollis et est id, tempor sollicitudin mauris. Quisque ornare est lorem, eu varius mauris ornare eu. Suspendisse posuere, mauris eget viverra placerat, diam lorem placerat odio, quis elementum massa tellus et ante. Donec luctus convallis massa non volutpat. Vestibulum euismod, tellus et dapibus luctus, risus neque mattis magna, et tincidunt neque magna eget ligula. Duis pulvinar tincidunt nisi sit amet viverra. Fusce in molestie enim, vel euismod ipsum. Nam eget risus in mauris scelerisque imperdiet. Sed tempor, sem sit amet cursus bibendum, nisi nibh pulvinar lorem, vitae laoreet justo nulla a dui. Cras ut orci ut neque tempus scelerisque. Nulla vestibulum elementum orci, sed porta justo viverra vitae. Donec tempus egestas ante, eget facilisis dui condimentum at. Donec quis odio commodo, vulputate libero sed, tempor massa. Maecenas viverra tortor id ultricies elementum. Curabitur imperdiet vestibulum libero sed hendrerit.</p>",,,90401
5,90402,CA,"<p>Lorem ipsum dolor sit amet, consectetur adipiscing elit. Vivamus hendrerit consequat risus, et rhoncus quam interdum vel. Nullam semper suscipit nisl, ut sodales metus vehicula id. Morbi quis nisl diam. Maecenas elementum lectus nec elit sollicitudin, id mollis nibh finibus. Vestibulum sodales eget ipsum quis congue. Ut vulputate ligula dui, vel vestibulum orci vehicula et. Etiam eu lectus elit. Mauris pulvinar nisi vel sollicitudin tincidunt. Integer ex turpis, hendrerit in mauris quis, suscipit pharetra odio. Vestibulum ante ipsum primis in faucibus orci luctus et ultrices posuere cubilia Curae; Vivamus nec dapibus velit, sit amet viverra mauris. Aliquam imperdiet et nunc nec egestas. Mauris eget mi lectus. Etiam consectetur, quam at sagittis tristique, nisl orci viverra odio, at ullamcorper risus erat vel ex. Ut pellentesque tortor vel massa bibendum imperdiet. Nam egestas nunc a fermentum eleifend. Donec vel consectetur augue, ut tincidunt erat. Maecenas dolor est, semper quis egestas id, interdum a risus. Aenean vel ultricies lorem. Nunc in arcu vulputate, tempor ipsum at, dictum nibh. Aenean aliquet at purus nec faucibus. Etiam egestas purus vel dictum consequat. Donec fermentum mollis vehicula. Pellentesque ac urna nec urna blandit ornare eget non libero. In hac habitasse platea dictumst. Nulla facilisi. Aliquam tortor ex, mollis et est id, tempor sollicitudin mauris. Quisque ornare est lorem, eu varius mauris ornare eu. Suspendisse posuere, mauris eget viverra placerat, diam lorem placerat odio, quis elementum massa tellus et ante. Donec luctus convallis massa non volutpat. Vestibulum euismod, tellus et dapibus luctus, risus neque mattis magna, et tincidunt neque magna eget ligula. Duis pulvinar tincidunt nisi sit amet viverra. Fusce in molestie enim, vel euismod ipsum. Nam eget risus in mauris scelerisque imperdiet. Sed tempor, sem sit amet cursus bibendum, nisi nibh pulvinar lorem, vitae laoreet justo nulla a dui. Cras ut orci ut neque tempus scelerisque. Nulla vestibulum elementum orci, sed porta justo viverra vitae. Donec tempus egestas ante, eget facilisis dui condimentum at. Donec quis odio commodo, vulputate libero sed, tempor massa. Maecenas viverra tortor id ultricies elementum. Curabitur imperdiet vestibulum libero sed hendrerit.</p>",,,90402
6,90403,CA,"<p>Lorem ipsum dolor sit amet, consectetur adipiscing elit. Vivamus hendrerit consequat risus, et rhoncus quam interdum vel. Nullam semper suscipit nisl, ut sodales metus vehicula id. Morbi quis nisl diam. Maecenas elementum lectus nec elit sollicitudin, id mollis nibh finibus. Vestibulum sodales eget ipsum quis congue. Ut vulputate ligula dui, vel vestibulum orci vehicula et. Etiam eu lectus elit. Mauris pulvinar nisi vel sollicitudin tincidunt. Integer ex turpis, hendrerit in mauris quis, suscipit pharetra odio. Vestibulum ante ipsum primis in faucibus orci luctus et ultrices posuere cubilia Curae; Vivamus nec dapibus velit, sit amet viverra mauris. Aliquam imperdiet et nunc nec egestas. Mauris eget mi lectus. Etiam consectetur, quam at sagittis tristique, nisl orci viverra odio, at ullamcorper risus erat vel ex. Ut pellentesque tortor vel massa bibendum imperdiet. Nam egestas nunc a fermentum eleifend. Donec vel consectetur augue, ut tincidunt erat. Maecenas dolor est, semper quis egestas id, interdum a risus. Aenean vel ultricies lorem. Nunc in arcu vulputate, tempor ipsum at, dictum nibh. Aenean aliquet at purus nec faucibus. Etiam egestas purus vel dictum consequat. Donec fermentum mollis vehicula. Pellentesque ac urna nec urna blandit ornare eget non libero. In hac habitasse platea dictumst. Nulla facilisi. Aliquam tortor ex, mollis et est id, tempor sollicitudin mauris. Quisque ornare est lorem, eu varius mauris ornare eu. Suspendisse posuere, mauris eget viverra placerat, diam lorem placerat odio, quis elementum massa tellus et ante. Donec luctus convallis massa non volutpat. Vestibulum euismod, tellus et dapibus luctus, risus neque mattis magna, et tincidunt neque magna eget ligula. Duis pulvinar tincidunt nisi sit amet viverra. Fusce in molestie enim, vel euismod ipsum. Nam eget risus in mauris scelerisque imperdiet. Sed tempor, sem sit amet cursus bibendum, nisi nibh pulvinar lorem, vitae laoreet justo nulla a dui. Cras ut orci ut neque tempus scelerisque. Nulla vestibulum elementum orci, sed porta justo viverra vitae. Donec tempus egestas ante, eget facilisis dui condimentum at. Donec quis odio commodo, vulputate libero sed, tempor massa. Maecenas viverra tortor id ultricies elementum. Curabitur imperdiet vestibulum libero sed hendrerit.</p>",,,90403
7,90404,CA,"<p>Lorem ipsum dolor sit amet, consectetur adipiscing elit. Vivamus hendrerit consequat risus, et rhoncus quam interdum vel. Nullam semper suscipit nisl, ut sodales metus vehicula id. Morbi quis nisl diam. Maecenas elementum lectus nec elit sollicitudin, id mollis nibh finibus. Vestibulum sodales eget ipsum quis congue. Ut vulputate ligula dui, vel vestibulum orci vehicula et. Etiam eu lectus elit. Mauris pulvinar nisi vel sollicitudin tincidunt. Integer ex turpis, hendrerit in mauris quis, suscipit pharetra odio. Vestibulum ante ipsum primis in faucibus orci luctus et ultrices posuere cubilia Curae; Vivamus nec dapibus velit, sit amet viverra mauris. Aliquam imperdiet et nunc nec egestas. Mauris eget mi lectus. Etiam consectetur, quam at sagittis tristique, nisl orci viverra odio, at ullamcorper risus erat vel ex. Ut pellentesque tortor vel massa bibendum imperdiet. Nam egestas nunc a fermentum eleifend. Donec vel consectetur augue, ut tincidunt erat. Maecenas dolor est, semper quis egestas id, interdum a risus. Aenean vel ultricies lorem. Nunc in arcu vulputate, tempor ipsum at, dictum nibh. Aenean aliquet at purus nec faucibus. Etiam egestas purus vel dictum consequat. Donec fermentum mollis vehicula. Pellentesque ac urna nec urna blandit ornare eget non libero. In hac habitasse platea dictumst. Nulla facilisi. Aliquam tortor ex, mollis et est id, tempor sollicitudin mauris. Quisque ornare est lorem, eu varius mauris ornare eu. Suspendisse posuere, mauris eget viverra placerat, diam lorem placerat odio, quis elementum massa tellus et ante. Donec luctus convallis massa non volutpat. Vestibulum euismod, tellus et dapibus luctus, risus neque mattis magna, et tincidunt neque magna eget ligula. Duis pulvinar tincidunt nisi sit amet viverra. Fusce in molestie enim, vel euismod ipsum. Nam eget risus in mauris scelerisque imperdiet. Sed tempor, sem sit amet cursus bibendum, nisi nibh pulvinar lorem, vitae laoreet justo nulla a dui. Cras ut orci ut neque tempus scelerisque. Nulla vestibulum elementum orci, sed porta justo viverra vitae. Donec tempus egestas ante, eget facilisis dui condimentum at. Donec quis odio commodo, vulputate libero sed, tempor massa. Maecenas viverra tortor id ultricies elementum. Curabitur imperdiet vestibulum libero sed hendrerit.</p>",,,90404
8,90405,CA,"<p>Lorem ipsum dolor sit amet, consectetur adipiscing elit. Vivamus hendrerit consequat risus, et rhoncus quam interdum vel. Nullam semper suscipit nisl, ut sodales metus vehicula id. Morbi quis nisl diam. Maecenas elementum lectus nec elit sollicitudin, id mollis nibh finibus. Vestibulum sodales eget ipsum quis congue. Ut vulputate ligula dui, vel vestibulum orci vehicula et. Etiam eu lectus elit. Mauris pulvinar nisi vel sollicitudin tincidunt. Integer ex turpis, hendrerit in mauris quis, suscipit pharetra odio. Vestibulum ante ipsum primis in faucibus orci luctus et ultrices posuere cubilia Curae; Vivamus nec dapibus velit, sit amet viverra mauris. Aliquam imperdiet et nunc nec egestas. Mauris eget mi lectus. Etiam consectetur, quam at sagittis tristique, nisl orci viverra odio, at ullamcorper risus erat vel ex. Ut pellentesque tortor vel massa bibendum imperdiet. Nam egestas nunc a fermentum eleifend. Donec vel consectetur augue, ut tincidunt erat. Maecenas dolor est, semper quis egestas id, interdum a risus. Aenean vel ultricies lorem. Nunc in arcu vulputate, tempor ipsum at, dictum nibh. Aenean aliquet at purus nec faucibus. Etiam egestas purus vel dictum consequat. Donec fermentum mollis vehicula. Pellentesque ac urna nec urna blandit ornare eget non libero. In hac habitasse platea dictumst. Nulla facilisi. Aliquam tortor ex, mollis et est id, tempor sollicitudin mauris. Quisque ornare est lorem, eu varius mauris ornare eu. Suspendisse posuere, mauris eget viverra placerat, diam lorem placerat odio, quis elementum massa tellus et ante. Donec luctus convallis massa non volutpat. Vestibulum euismod, tellus et dapibus luctus, risus neque mattis magna, et tincidunt neque magna eget ligula. Duis pulvinar tincidunt nisi sit amet viverra. Fusce in molestie enim, vel euismod ipsum. Nam eget risus in mauris scelerisque imperdiet. Sed tempor, sem sit amet cursus bibendum, nisi nibh pulvinar lorem, vitae laoreet justo nulla a dui. Cras ut orci ut neque tempus scelerisque. Nulla vestibulum elementum orci, sed porta justo viverra vitae. Donec tempus egestas ante, eget facilisis dui condimentum at. Donec quis odio commodo, vulputate libero sed, tempor massa. Maecenas viverra tortor id ultricies elementum. Curabitur imperdiet vestibulum libero sed hendrerit.</p>",,,90405
9,90406,CA,"<p>Lorem ipsum dolor sit amet, consectetur adipiscing elit. Vivamus hendrerit consequat risus, et rhoncus quam interdum vel. Nullam semper suscipit nisl, ut sodales metus vehicula id. Morbi quis nisl diam. Maecenas elementum lectus nec elit sollicitudin, id mollis nibh finibus. Vestibulum sodales eget ipsum quis congue. Ut vulputate ligula dui, vel vestibulum orci vehicula et. Etiam eu lectus elit. Mauris pulvinar nisi vel sollicitudin tincidunt. Integer ex turpis, hendrerit in mauris quis, suscipit pharetra odio. Vestibulum ante ipsum primis in faucibus orci luctus et ultrices posuere cubilia Curae; Vivamus nec dapibus velit, sit amet viverra mauris. Aliquam imperdiet et nunc nec egestas. Mauris eget mi lectus. Etiam consectetur, quam at sagittis tristique, nisl orci viverra odio, at ullamcorper risus erat vel ex. Ut pellentesque tortor vel massa bibendum imperdiet. Nam egestas nunc a fermentum eleifend. Donec vel consectetur augue, ut tincidunt erat. Maecenas dolor est, semper quis egestas id, interdum a risus. Aenean vel ultricies lorem. Nunc in arcu vulputate, tempor ipsum at, dictum nibh. Aenean aliquet at purus nec faucibus. Etiam egestas purus vel dictum consequat. Donec fermentum mollis vehicula. Pellentesque ac urna nec urna blandit ornare eget non libero. In hac habitasse platea dictumst. Nulla facilisi. Aliquam tortor ex, mollis et est id, tempor sollicitudin mauris. Quisque ornare est lorem, eu varius mauris ornare eu. Suspendisse posuere, mauris eget viverra placerat, diam lorem placerat odio, quis elementum massa tellus et ante. Donec luctus convallis massa non volutpat. Vestibulum euismod, tellus et dapibus luctus, risus neque mattis magna, et tincidunt neque magna eget ligula. Duis pulvinar tincidunt nisi sit amet viverra. Fusce in molestie enim, vel euismod ipsum. Nam eget risus in mauris scelerisque imperdiet. Sed tempor, sem sit amet cursus bibendum, nisi nibh pulvinar lorem, vitae laoreet justo nulla a dui. Cras ut orci ut neque tempus scelerisque. Nulla vestibulum elementum orci, sed porta justo viverra vitae. Donec tempus egestas ante, eget facilisis dui condimentum at. Donec quis odio commodo, vulputate libero sed, tempor massa. Maecenas viverra tortor id ultricies elementum. Curabitur imperdiet vestibulum libero sed hendrerit.</p>",,,90406
10,90407,CA,"<p>Lorem ipsum dolor sit amet, consectetur adipiscing elit. Vivamus hendrerit consequat risus, et rhoncus quam interdum vel. Nullam semper suscipit nisl, ut sodales metus vehicula id. Morbi quis nisl diam. Maecenas elementum lectus nec elit sollicitudin, id mollis nibh finibus. Vestibulum sodales eget ipsum quis congue. Ut vulputate ligula dui, vel vestibulum orci vehicula et. Etiam eu lectus elit. Mauris pulvinar nisi vel sollicitudin tincidunt. Integer ex turpis, hendrerit in mauris quis, suscipit pharetra odio. Vestibulum ante ipsum primis in faucibus orci luctus et ultrices posuere cubilia Curae; Vivamus nec dapibus velit, sit amet viverra mauris. Aliquam imperdiet et nunc nec egestas. Mauris eget mi lectus. Etiam consectetur, quam at sagittis tristique, nisl orci viverra odio, at ullamcorper risus erat vel ex. Ut pellentesque tortor vel massa bibendum imperdiet. Nam egestas nunc a fermentum eleifend. Donec vel consectetur augue, ut tincidunt erat. Maecenas dolor est, semper quis egestas id, interdum a risus. Aenean vel ultricies lorem. Nunc in arcu vulputate, tempor ipsum at, dictum nibh. Aenean aliquet at purus nec faucibus. Etiam egestas purus vel dictum consequat. Donec fermentum mollis vehicula. Pellentesque ac urna nec urna blandit ornare eget non libero. In hac habitasse platea dictumst. Nulla facilisi. Aliquam tortor ex, mollis et est id, tempor sollicitudin mauris. Quisque ornare est lorem, eu varius mauris ornare eu. Suspendisse posuere, mauris eget viverra placerat, diam lorem placerat odio, quis elementum massa tellus et ante. Donec luctus convallis massa non volutpat. Vestibulum euismod, tellus et dapibus luctus, risus neque mattis magna, et tincidunt neque magna eget ligula. Duis pulvinar tincidunt nisi sit amet viverra. Fusce in molestie enim, vel euismod ipsum. Nam eget risus in mauris scelerisque imperdiet. Sed tempor, sem sit amet cursus bibendum, nisi nibh pulvinar lorem, vitae laoreet justo nulla a dui. Cras ut orci ut neque tempus scelerisque. Nulla vestibulum elementum orci, sed porta justo viverra vitae. Donec tempus egestas ante, eget facilisis dui condimentum at. Donec quis odio commodo, vulputate libero sed, tempor massa. Maecenas viverra tortor id ultricies elementum. Curabitur imperdiet vestibulum libero sed hendrerit.</p>",,,90407
11,90408,CA,"<p>Lorem ipsum dolor sit amet, consectetur adipiscing elit. Vivamus hendrerit consequat risus, et rhoncus quam interdum vel. Nullam semper suscipit nisl, ut sodales metus vehicula id. Morbi quis nisl diam. Maecenas elementum lectus nec elit sollicitudin, id mollis nibh finibus. Vestibulum sodales eget ipsum quis congue. Ut vulputate ligula dui, vel vestibulum orci vehicula et. Etiam eu lectus elit. Mauris pulvinar nisi vel sollicitudin tincidunt. Integer ex turpis, hendrerit in mauris quis, suscipit pharetra odio. Vestibulum ante ipsum primis in faucibus orci luctus et ultrices posuere cubilia Curae; Vivamus nec dapibus velit, sit amet viverra mauris. Aliquam imperdiet et nunc nec egestas. Mauris eget mi lectus. Etiam consectetur, quam at sagittis tristique, nisl orci viverra odio, at ullamcorper risus erat vel ex. Ut pellentesque tortor vel massa bibendum imperdiet. Nam egestas nunc a fermentum eleifend. Donec vel consectetur augue, ut tincidunt erat. Maecenas dolor est, semper quis egestas id, interdum a risus. Aenean vel ultricies lorem. Nunc in arcu vulputate, tempor ipsum at, dictum nibh. Aenean aliquet at purus nec faucibus. Etiam egestas purus vel dictum consequat. Donec fermentum mollis vehicula. Pellentesque ac urna nec urna blandit ornare eget non libero. In hac habitasse platea dictumst. Nulla facilisi. Aliquam tortor ex, mollis et est id, tempor sollicitudin mauris. Quisque ornare est lorem, eu varius mauris ornare eu. Suspendisse posuere, mauris eget viverra placerat, diam lorem placerat odio, quis elementum massa tellus et ante. Donec luctus convallis massa non volutpat. Vestibulum euismod, tellus et dapibus luctus, risus neque mattis magna, et tincidunt neque magna eget ligula. Duis pulvinar tincidunt nisi sit amet viverra. Fusce in molestie enim, vel euismod ipsum. Nam eget risus in mauris scelerisque imperdiet. Sed tempor, sem sit amet cursus bibendum, nisi nibh pulvinar lorem, vitae laoreet justo nulla a dui. Cras ut orci ut neque tempus scelerisque. Nulla vestibulum elementum orci, sed porta justo viverra vitae. Donec tempus egestas ante, eget facilisis dui condimentum at. Donec quis odio commodo, vulputate libero sed, tempor massa. Maecenas viverra tortor id ultricies elementum. Curabitur imperdiet vestibulum libero sed hendrerit.</p>",,,90408
12,90409,CA,"<p>Lorem ipsum dolor sit amet, consectetur adipiscing elit. Vivamus hendrerit consequat risus, et rhoncus quam interdum vel. Nullam semper suscipit nisl, ut sodales metus vehicula id. Morbi quis nisl diam. Maecenas elementum lectus nec elit sollicitudin, id mollis nibh finibus. Vestibulum sodales eget ipsum quis congue. Ut vulputate ligula dui, vel vestibulum orci vehicula et. Etiam eu lectus elit. Mauris pulvinar nisi vel sollicitudin tincidunt. Integer ex turpis, hendrerit in mauris quis, suscipit pharetra odio. Vestibulum ante ipsum primis in faucibus orci luctus et ultrices posuere cubilia Curae; Vivamus nec dapibus velit, sit amet viverra mauris. Aliquam imperdiet et nunc nec egestas. Mauris eget mi lectus. Etiam consectetur, quam at sagittis tristique, nisl orci viverra odio, at ullamcorper risus erat vel ex. Ut pellentesque tortor vel massa bibendum imperdiet. Nam egestas nunc a fermentum eleifend. Donec vel consectetur augue, ut tincidunt erat. Maecenas dolor est, semper quis egestas id, interdum a risus. Aenean vel ultricies lorem. Nunc in arcu vulputate, tempor ipsum at, dictum nibh. Aenean aliquet at purus nec faucibus. Etiam egestas purus vel dictum consequat. Donec fermentum mollis vehicula. Pellentesque ac urna nec urna blandit ornare eget non libero. In hac habitasse platea dictumst. Nulla facilisi. Aliquam tortor ex, mollis et est id, tempor sollicitudin mauris. Quisque ornare est lorem, eu varius mauris ornare eu. Suspendisse posuere, mauris eget viverra placerat, diam lorem placerat odio, quis elementum massa tellus et ante. Donec luctus convallis massa non volutpat. Vestibulum euismod, tellus et dapibus luctus, risus neque mattis magna, et tincidunt neque magna eget ligula. Duis pulvinar tincidunt nisi sit amet viverra. Fusce in molestie enim, vel euismod ipsum. Nam eget risus in mauris scelerisque imperdiet. Sed tempor, sem sit amet cursus bibendum, nisi nibh pulvinar lorem, vitae laoreet justo nulla a dui. Cras ut orci ut neque tempus scelerisque. Nulla vestibulum elementum orci, sed porta justo viverra vitae. Donec tempus egestas ante, eget facilisis dui condimentum at. Donec quis odio commodo, vulputate libero sed, tempor massa. Maecenas viverra tortor id ultricies elementum. Curabitur imperdiet vestibulum libero sed hendrerit.</p>",,,90409
13,90410,CA,"<p>Lorem ipsum dolor sit amet, consectetur adipiscing elit. Vivamus hendrerit consequat risus, et rhoncus quam interdum vel. Nullam semper suscipit nisl, ut sodales metus vehicula id. Morbi quis nisl diam. Maecenas elementum lectus nec elit sollicitudin, id mollis nibh finibus. Vestibulum sodales eget ipsum quis congue. Ut vulputate ligula dui, vel vestibulum orci vehicula et. Etiam eu lectus elit. Mauris pulvinar nisi vel sollicitudin tincidunt. Integer ex turpis, hendrerit in mauris quis, suscipit pharetra odio. Vestibulum ante ipsum primis in faucibus orci luctus et ultrices posuere cubilia Curae; Vivamus nec dapibus velit, sit amet viverra mauris. Aliquam imperdiet et nunc nec egestas. Mauris eget mi lectus. Etiam consectetur, quam at sagittis tristique, nisl orci viverra odio, at ullamcorper risus erat vel ex. Ut pellentesque tortor vel massa bibendum imperdiet. Nam egestas nunc a fermentum eleifend. Donec vel consectetur augue, ut tincidunt erat. Maecenas dolor est, semper quis egestas id, interdum a risus. Aenean vel ultricies lorem. Nunc in arcu vulputate, tempor ipsum at, dictum nibh. Aenean aliquet at purus nec faucibus. Etiam egestas purus vel dictum consequat. Donec fermentum mollis vehicula. Pellentesque ac urna nec urna blandit ornare eget non libero. In hac habitasse platea dictumst. Nulla facilisi. Aliquam tortor ex, mollis et est id, tempor sollicitudin mauris. Quisque ornare est lorem, eu varius mauris ornare eu. Suspendisse posuere, mauris eget viverra placerat, diam lorem placerat odio, quis elementum massa tellus et ante. Donec luctus convallis massa non volutpat. Vestibulum euismod, tellus et dapibus luctus, risus neque mattis magna, et tincidunt neque magna eget ligula. Duis pulvinar tincidunt nisi sit amet viverra. Fusce in molestie enim, vel euismod ipsum. Nam eget risus in mauris scelerisque imperdiet. Sed tempor, sem sit amet cursus bibendum, nisi nibh pulvinar lorem, vitae laoreet justo nulla a dui. Cras ut orci ut neque tempus scelerisque. Nulla vestibulum elementum orci, sed porta justo viverra vitae. Donec tempus egestas ante, eget facilisis dui condimentum at. Donec quis odio commodo, vulputate libero sed, tempor massa. Maecenas viverra tortor id ultricies elementum. Curabitur imperdiet vestibulum libero sed hendrerit.</p>",,,90410
14,90411,CA,"<p>Lorem ipsum dolor sit amet, consectetur adipiscing elit. Vivamus hendrerit consequat risus, et rhoncus quam interdum vel. Nullam semper suscipit nisl, ut sodales metus vehicula id. Morbi quis nisl diam. Maecenas elementum lectus nec elit sollicitudin, id mollis nibh finibus. Vestibulum sodales eget ipsum quis congue. Ut vulputate ligula dui, vel vestibulum orci vehicula et. Etiam eu lectus elit. Mauris pulvinar nisi vel sollicitudin tincidunt. Integer ex turpis, hendrerit in mauris quis, suscipit pharetra odio. Vestibulum ante ipsum primis in faucibus orci luctus et ultrices posuere cubilia Curae; Vivamus nec dapibus velit, sit amet viverra mauris. Aliquam imperdiet et nunc nec egestas. Mauris eget mi lectus. Etiam consectetur, quam at sagittis tristique, nisl orci viverra odio, at ullamcorper risus erat vel ex. Ut pellentesque tortor vel massa bibendum imperdiet. Nam egestas nunc a fermentum eleifend. Donec vel consectetur augue, ut tincidunt erat. Maecenas dolor est, semper quis egestas id, interdum a risus. Aenean vel ultricies lorem. Nunc in arcu vulputate, tempor ipsum at, dictum nibh. Aenean aliquet at purus nec faucibus. Etiam egestas purus vel dictum consequat. Donec fermentum mollis vehicula. Pellentesque ac urna nec urna blandit ornare eget non libero. In hac habitasse platea dictumst. Nulla facilisi. Aliquam tortor ex, mollis et est id, tempor sollicitudin mauris. Quisque ornare est lorem, eu varius mauris ornare eu. Suspendisse posuere, mauris eget viverra placerat, diam lorem placerat odio, quis elementum massa tellus et ante. Donec luctus convallis massa non volutpat. Vestibulum euismod, tellus et dapibus luctus, risus neque mattis magna, et tincidunt neque magna eget ligula. Duis pulvinar tincidunt nisi sit amet viverra. Fusce in molestie enim, vel euismod ipsum. Nam eget risus in mauris scelerisque imperdiet. Sed tempor, sem sit amet cursus bibendum, nisi nibh pulvinar lorem, vitae laoreet justo nulla a dui. Cras ut orci ut neque tempus scelerisque. Nulla vestibulum elementum orci, sed porta justo viverra vitae. Donec tempus egestas ante, eget facilisis dui condimentum at. Donec quis odio commodo, vulputate libero sed, tempor massa. Maecenas viverra tortor id ultricies elementum. Curabitur imperdiet vestibulum libero sed hendrerit.</p>",,,90411
15,93036,CA,"<p>Lorem ipsum dolor sit amet, consectetur adipiscing elit. Vivamus hendrerit consequat risus, et rhoncus quam interdum vel. Nullam semper suscipit nisl, ut sodales metus vehicula id. Morbi quis nisl diam. Maecenas elementum lectus nec elit sollicitudin, id mollis nibh finibus. Vestibulum sodales eget ipsum quis congue. Ut vulputate ligula dui, vel vestibulum orci vehicula et. Etiam eu lectus elit. Mauris pulvinar nisi vel sollicitudin tincidunt. Integer ex turpis, hendrerit in mauris quis, suscipit pharetra odio. Vestibulum ante ipsum primis in faucibus orci luctus et ultrices posuere cubilia Curae; Vivamus nec dapibus velit, sit amet viverra mauris. Aliquam imperdiet et nunc nec egestas. Mauris eget mi lectus. Etiam consectetur, quam at sagittis tristique, nisl orci viverra odio, at ullamcorper risus erat vel ex. Ut pellentesque tortor vel massa bibendum imperdiet. Nam egestas nunc a fermentum eleifend. Donec vel consectetur augue, ut tincidunt erat. Maecenas dolor est, semper quis egestas id, interdum a risus. Aenean vel ultricies lorem. Nunc in arcu vulputate, tempor ipsum at, dictum nibh. Aenean aliquet at purus nec faucibus. Etiam egestas purus vel dictum consequat. Donec fermentum mollis vehicula. Pellentesque ac urna nec urna blandit ornare eget non libero. In hac habitasse platea dictumst. Nulla facilisi. Aliquam tortor ex, mollis et est id, tempor sollicitudin mauris. Quisque ornare est lorem, eu varius mauris ornare eu. Suspendisse posuere, mauris eget viverra placerat, diam lorem placerat odio, quis elementum massa tellus et ante. Donec luctus convallis massa non volutpat. Vestibulum euismod, tellus et dapibus luctus, risus neque mattis magna, et tincidunt neque magna eget ligula. Duis pulvinar tincidunt nisi sit amet viverra. Fusce in molestie enim, vel euismod ipsum. Nam eget risus in mauris scelerisque imperdiet. Sed tempor, sem sit amet cursus bibendum, nisi nibh pulvinar lorem, vitae laoreet justo nulla a dui. Cras ut orci ut neque tempus scelerisque. Nulla vestibulum elementum orci, sed porta justo viverra vitae. Donec tempus egestas ante, eget facilisis dui condimentum at. Donec quis odio commodo, vulputate libero sed, tempor massa. Maecenas viverra tortor id ultricies elementum. Curabitur imperdiet vestibulum libero sed hendrerit.</p>",,,93036
16,93030,CA,"<p>Lorem ipsum dolor sit amet, consectetur adipiscing elit. Vivamus hendrerit consequat risus, et rhoncus quam interdum vel. Nullam semper suscipit nisl, ut sodales metus vehicula id. Morbi quis nisl diam. Maecenas elementum lectus nec elit sollicitudin, id mollis nibh finibus. Vestibulum sodales eget ipsum quis congue. Ut vulputate ligula dui, vel vestibulum orci vehicula et. Etiam eu lectus elit. Mauris pulvinar nisi vel sollicitudin tincidunt. Integer ex turpis, hendrerit in mauris quis, suscipit pharetra odio. Vestibulum ante ipsum primis in faucibus orci luctus et ultrices posuere cubilia Curae; Vivamus nec dapibus velit, sit amet viverra mauris. Aliquam imperdiet et nunc nec egestas. Mauris eget mi lectus. Etiam consectetur, quam at sagittis tristique, nisl orci viverra odio, at ullamcorper risus erat vel ex. Ut pellentesque tortor vel massa bibendum imperdiet. Nam egestas nunc a fermentum eleifend. Donec vel consectetur augue, ut tincidunt erat. Maecenas dolor est, semper quis egestas id, interdum a risus. Aenean vel ultricies lorem. Nunc in arcu vulputate, tempor ipsum at, dictum nibh. Aenean aliquet at purus nec faucibus. Etiam egestas purus vel dictum consequat. Donec fermentum mollis vehicula. Pellentesque ac urna nec urna blandit ornare eget non libero. In hac habitasse platea dictumst. Nulla facilisi. Aliquam tortor ex, mollis et est id, tempor sollicitudin mauris. Quisque ornare est lorem, eu varius mauris ornare eu. Suspendisse posuere, mauris eget viverra placerat, diam lorem placerat odio, quis elementum massa tellus et ante. Donec luctus convallis massa non volutpat. Vestibulum euismod, tellus et dapibus luctus, risus neque mattis magna, et tincidunt neque magna eget ligula. Duis pulvinar tincidunt nisi sit amet viverra. Fusce in molestie enim, vel euismod ipsum. Nam eget risus in mauris scelerisque imperdiet. Sed tempor, sem sit amet cursus bibendum, nisi nibh pulvinar lorem, vitae laoreet justo nulla a dui. Cras ut orci ut neque tempus scelerisque. Nulla vestibulum elementum orci, sed porta justo viverra vitae. Donec tempus egestas ante, eget facilisis dui condimentum at. Donec quis odio commodo, vulputate libero sed, tempor massa. Maecenas viverra tortor id ultricies elementum. Curabitur imperdiet vestibulum libero sed hendrerit.</p>",,,93030
17,93031,CA,"<p>Lorem ipsum dolor sit amet, consectetur adipiscing elit. Vivamus hendrerit consequat risus, et rhoncus quam interdum vel. Nullam semper suscipit nisl, ut sodales metus vehicula id. Morbi quis nisl diam. Maecenas elementum lectus nec elit sollicitudin, id mollis nibh finibus. Vestibulum sodales eget ipsum quis congue. Ut vulputate ligula dui, vel vestibulum orci vehicula et. Etiam eu lectus elit. Mauris pulvinar nisi vel sollicitudin tincidunt. Integer ex turpis, hendrerit in mauris quis, suscipit pharetra odio. Vestibulum ante ipsum primis in faucibus orci luctus et ultrices posuere cubilia Curae; Vivamus nec dapibus velit, sit amet viverra mauris. Aliquam imperdiet et nunc nec egestas. Mauris eget mi lectus. Etiam consectetur, quam at sagittis tristique, nisl orci viverra odio, at ullamcorper risus erat vel ex. Ut pellentesque tortor vel massa bibendum imperdiet. Nam egestas nunc a fermentum eleifend. Donec vel consectetur augue, ut tincidunt erat. Maecenas dolor est, semper quis egestas id, interdum a risus. Aenean vel ultricies lorem. Nunc in arcu vulputate, tempor ipsum at, dictum nibh. Aenean aliquet at purus nec faucibus. Etiam egestas purus vel dictum consequat. Donec fermentum mollis vehicula. Pellentesque ac urna nec urna blandit ornare eget non libero. In hac habitasse platea dictumst. Nulla facilisi. Aliquam tortor ex, mollis et est id, tempor sollicitudin mauris. Quisque ornare est lorem, eu varius mauris ornare eu. Suspendisse posuere, mauris eget viverra placerat, diam lorem placerat odio, quis elementum massa tellus et ante. Donec luctus convallis massa non volutpat. Vestibulum euismod, tellus et dapibus luctus, risus neque mattis magna, et tincidunt neque magna eget ligula. Duis pulvinar tincidunt nisi sit amet viverra. Fusce in molestie enim, vel euismod ipsum. Nam eget risus in mauris scelerisque imperdiet. Sed tempor, sem sit amet cursus bibendum, nisi nibh pulvinar lorem, vitae laoreet justo nulla a dui. Cras ut orci ut neque tempus scelerisque. Nulla vestibulum elementum orci, sed porta justo viverra vitae. Donec tempus egestas ante, eget facilisis dui condimentum at. Donec quis odio commodo, vulputate libero sed, tempor massa. Maecenas viverra tortor id ultricies elementum. Curabitur imperdiet vestibulum libero sed hendrerit.</p>",,,93031
18,93032,CA,"<p>Lorem ipsum dolor sit amet, consectetur adipiscing elit. Vivamus hendrerit consequat risus, et rhoncus quam interdum vel. Nullam semper suscipit nisl, ut sodales metus vehicula id. Morbi quis nisl diam. Maecenas elementum lectus nec elit sollicitudin, id mollis nibh finibus. Vestibulum sodales eget ipsum quis congue. Ut vulputate ligula dui, vel vestibulum orci vehicula et. Etiam eu lectus elit. Mauris pulvinar nisi vel sollicitudin tincidunt. Integer ex turpis, hendrerit in mauris quis, suscipit pharetra odio. Vestibulum ante ipsum primis in faucibus orci luctus et ultrices posuere cubilia Curae; Vivamus nec dapibus velit, sit amet viverra mauris. Aliquam imperdiet et nunc nec egestas. Mauris eget mi lectus. Etiam consectetur, quam at sagittis tristique, nisl orci viverra odio, at ullamcorper risus erat vel ex. Ut pellentesque tortor vel massa bibendum imperdiet. Nam egestas nunc a fermentum eleifend. Donec vel consectetur augue, ut tincidunt erat. Maecenas dolor est, semper quis egestas id, interdum a risus. Aenean vel ultricies lorem. Nunc in arcu vulputate, tempor ipsum at, dictum nibh. Aenean aliquet at purus nec faucibus. Etiam egestas purus vel dictum consequat. Donec fermentum mollis vehicula. Pellentesque ac urna nec urna blandit ornare eget non libero. In hac habitasse platea dictumst. Nulla facilisi. Aliquam tortor ex, mollis et est id, tempor sollicitudin mauris. Quisque ornare est lorem, eu varius mauris ornare eu. Suspendisse posuere, mauris eget viverra placerat, diam lorem placerat odio, quis elementum massa tellus et ante. Donec luctus convallis massa non volutpat. Vestibulum euismod, tellus et dapibus luctus, risus neque mattis magna, et tincidunt neque magna eget ligula. Duis pulvinar tincidunt nisi sit amet viverra. Fusce in molestie enim, vel euismod ipsum. Nam eget risus in mauris scelerisque imperdiet. Sed tempor, sem sit amet cursus bibendum, nisi nibh pulvinar lorem, vitae laoreet justo nulla a dui. Cras ut orci ut neque tempus scelerisque. Nulla vestibulum elementum orci, sed porta justo viverra vitae. Donec tempus egestas ante, eget facilisis dui condimentum at. Donec quis odio commodo, vulputate libero sed, tempor massa. Maecenas viverra tortor id ultricies elementum. Curabitur imperdiet vestibulum libero sed hendrerit.</p>",,,93032
19,93034,CA,"<p>Lorem ipsum dolor sit amet, consectetur adipiscing elit. Vivamus hendrerit consequat risus, et rhoncus quam interdum vel. Nullam semper suscipit nisl, ut sodales metus vehicula id. Morbi quis nisl diam. Maecenas elementum lectus nec elit sollicitudin, id mollis nibh finibus. Vestibulum sodales eget ipsum quis congue. Ut vulputate ligula dui, vel vestibulum orci vehicula et. Etiam eu lectus elit. Mauris pulvinar nisi vel sollicitudin tincidunt. Integer ex turpis, hendrerit in mauris quis, suscipit pharetra odio. Vestibulum ante ipsum primis in faucibus orci luctus et ultrices posuere cubilia Curae; Vivamus nec dapibus velit, sit amet viverra mauris. Aliquam imperdiet et nunc nec egestas. Mauris eget mi lectus. Etiam consectetur, quam at sagittis tristique, nisl orci viverra odio, at ullamcorper risus erat vel ex. Ut pellentesque tortor vel massa bibendum imperdiet. Nam egestas nunc a fermentum eleifend. Donec vel consectetur augue, ut tincidunt erat. Maecenas dolor est, semper quis egestas id, interdum a risus. Aenean vel ultricies lorem. Nunc in arcu vulputate, tempor ipsum at, dictum nibh. Aenean aliquet at purus nec faucibus. Etiam egestas purus vel dictum consequat. Donec fermentum mollis vehicula. Pellentesque ac urna nec urna blandit ornare eget non libero. In hac habitasse platea dictumst. Nulla facilisi. Aliquam tortor ex, mollis et est id, tempor sollicitudin mauris. Quisque ornare est lorem, eu varius mauris ornare eu. Suspendisse posuere, mauris eget viverra placerat, diam lorem placerat odio, quis elementum massa tellus et ante. Donec luctus convallis massa non volutpat. Vestibulum euismod, tellus et dapibus luctus, risus neque mattis magna, et tincidunt neque magna eget ligula. Duis pulvinar tincidunt nisi sit amet viverra. Fusce in molestie enim, vel euismod ipsum. Nam eget risus in mauris scelerisque imperdiet. Sed tempor, sem sit amet cursus bibendum, nisi nibh pulvinar lorem, vitae laoreet justo nulla a dui. Cras ut orci ut neque tempus scelerisque. Nulla vestibulum elementum orci, sed porta justo viverra vitae. Donec tempus egestas ante, eget facilisis dui condimentum at. Donec quis odio commodo, vulputate libero sed, tempor massa. Maecenas viverra tortor id ultricies elementum. Curabitur imperdiet vestibulum libero sed hendrerit.</p>",,,93034
20,93035,CA,"<p>Lorem ipsum dolor sit amet, consectetur adipiscing elit. Vivamus hendrerit consequat risus, et rhoncus quam interdum vel. Nullam semper suscipit nisl, ut sodales metus vehicula id. Morbi quis nisl diam. Maecenas elementum lectus nec elit sollicitudin, id mollis nibh finibus. Vestibulum sodales eget ipsum quis congue. Ut vulputate ligula dui, vel vestibulum orci vehicula et. Etiam eu lectus elit. Mauris pulvinar nisi vel sollicitudin tincidunt. Integer ex turpis, hendrerit in mauris quis, suscipit pharetra odio. Vestibulum ante ipsum primis in faucibus orci luctus et ultrices posuere cubilia Curae; Vivamus nec dapibus velit, sit amet viverra mauris. Aliquam imperdiet et nunc nec egestas. Mauris eget mi lectus. Etiam consectetur, quam at sagittis tristique, nisl orci viverra odio, at ullamcorper risus erat vel ex. Ut pellentesque tortor vel massa bibendum imperdiet. Nam egestas nunc a fermentum eleifend. Donec vel consectetur augue, ut tincidunt erat. Maecenas dolor est, semper quis egestas id, interdum a risus. Aenean vel ultricies lorem. Nunc in arcu vulputate, tempor ipsum at, dictum nibh. Aenean aliquet at purus nec faucibus. Etiam egestas purus vel dictum consequat. Donec fermentum mollis vehicula. Pellentesque ac urna nec urna blandit ornare eget non libero. In hac habitasse platea dictumst. Nulla facilisi. Aliquam tortor ex, mollis et est id, tempor sollicitudin mauris. Quisque ornare est lorem, eu varius mauris ornare eu. Suspendisse posuere, mauris eget viverra placerat, diam lorem placerat odio, quis elementum massa tellus et ante. Donec luctus convallis massa non volutpat. Vestibulum euismod, tellus et dapibus luctus, risus neque mattis magna, et tincidunt neque magna eget ligula. Duis pulvinar tincidunt nisi sit amet viverra. Fusce in molestie enim, vel euismod ipsum. Nam eget risus in mauris scelerisque imperdiet. Sed tempor, sem sit amet cursus bibendum, nisi nibh pulvinar lorem, vitae laoreet justo nulla a dui. Cras ut orci ut neque tempus scelerisque. Nulla vestibulum elementum orci, sed porta justo viverra vitae. Donec tempus egestas ante, eget facilisis dui condimentum at. Donec quis odio commodo, vulputate libero sed, tempor massa. Maecenas viverra tortor id ultricies elementum. Curabitur imperdiet vestibulum libero sed hendrerit.</p>",,,93035
21,93033,CA,"<p>Lorem ipsum dolor sit amet, consectetur adipiscing elit. Vivamus hendrerit consequat risus, et rhoncus quam interdum vel. Nullam semper suscipit nisl, ut sodales metus vehicula id. Morbi quis nisl diam. Maecenas elementum lectus nec elit sollicitudin, id mollis nibh finibus. Vestibulum sodales eget ipsum quis congue. Ut vulputate ligula dui, vel vestibulum orci vehicula et. Etiam eu lectus elit. Mauris pulvinar nisi vel sollicitudin tincidunt. Integer ex turpis, hendrerit in mauris quis, suscipit pharetra odio. Vestibulum ante ipsum primis in faucibus orci luctus et ultrices posuere cubilia Curae; Vivamus nec dapibus velit, sit amet viverra mauris. Aliquam imperdiet et nunc nec egestas. Mauris eget mi lectus. Etiam consectetur, quam at sagittis tristique, nisl orci viverra odio, at ullamcorper risus erat vel ex. Ut pellentesque tortor vel massa bibendum imperdiet. Nam egestas nunc a fermentum eleifend. Donec vel consectetur augue, ut tincidunt erat. Maecenas dolor est, semper quis egestas id, interdum a risus. Aenean vel ultricies lorem. Nunc in arcu vulputate, tempor ipsum at, dictum nibh. Aenean aliquet at purus nec faucibus. Etiam egestas purus vel dictum consequat. Donec fermentum mollis vehicula. Pellentesque ac urna nec urna blandit ornare eget non libero. In hac habitasse platea dictumst. Nulla facilisi. Aliquam tortor ex, mollis et est id, tempor sollicitudin mauris. Quisque ornare est lorem, eu varius mauris ornare eu. Suspendisse posuere, mauris eget viverra placerat, diam lorem placerat odio, quis elementum massa tellus et ante. Donec luctus convallis massa non volutpat. Vestibulum euismod, tellus et dapibus luctus, risus neque mattis magna, et tincidunt neque magna eget ligula. Duis pulvinar tincidunt nisi sit amet viverra. Fusce in molestie enim, vel euismod ipsum. Nam eget risus in mauris scelerisque imperdiet. Sed tempor, sem sit amet cursus bibendum, nisi nibh pulvinar lorem, vitae laoreet justo nulla a dui. Cras ut orci ut neque tempus scelerisque. Nulla vestibulum elementum orci, sed porta justo viverra vitae. Donec tempus egestas ante, eget facilisis dui condimentum at. Donec quis odio commodo, vulputate libero sed, tempor massa. Maecenas viverra tortor id ultricies elementum. Curabitur imperdiet vestibulum libero sed hendrerit.</p>",,,93033
22,93041,CA,"<p>Lorem ipsum dolor sit amet, consectetur adipiscing elit. Vivamus hendrerit consequat risus, et rhoncus quam interdum vel. Nullam semper suscipit nisl, ut sodales metus vehicula id. Morbi quis nisl diam. Maecenas elementum lectus nec elit sollicitudin, id mollis nibh finibus. Vestibulum sodales eget ipsum quis congue. Ut vulputate ligula dui, vel vestibulum orci vehicula et. Etiam eu lectus elit. Mauris pulvinar nisi vel sollicitudin tincidunt. Integer ex turpis, hendrerit in mauris quis, suscipit pharetra odio. Vestibulum ante ipsum primis in faucibus orci luctus et ultrices posuere cubilia Curae; Vivamus nec dapibus velit, sit amet viverra mauris. Aliquam imperdiet et nunc nec egestas. Mauris eget mi lectus. Etiam consectetur, quam at sagittis tristique, nisl orci viverra odio, at ullamcorper risus erat vel ex. Ut pellentesque tortor vel massa bibendum imperdiet. Nam egestas nunc a fermentum eleifend. Donec vel consectetur augue, ut tincidunt erat. Maecenas dolor est, semper quis egestas id, interdum a risus. Aenean vel ultricies lorem. Nunc in arcu vulputate, tempor ipsum at, dictum nibh. Aenean aliquet at purus nec faucibus. Etiam egestas purus vel dictum consequat. Donec fermentum mollis vehicula. Pellentesque ac urna nec urna blandit ornare eget non libero. In hac habitasse platea dictumst. Nulla facilisi. Aliquam tortor ex, mollis et est id, tempor sollicitudin mauris. Quisque ornare est lorem, eu varius mauris ornare eu. Suspendisse posuere, mauris eget viverra placerat, diam lorem placerat odio, quis elementum massa tellus et ante. Donec luctus convallis massa non volutpat. Vestibulum euismod, tellus et dapibus luctus, risus neque mattis magna, et tincidunt neque magna eget ligula. Duis pulvinar tincidunt nisi sit amet viverra. Fusce in molestie enim, vel euismod ipsum. Nam eget risus in mauris scelerisque imperdiet. Sed tempor, sem sit amet cursus bibendum, nisi nibh pulvinar lorem, vitae laoreet justo nulla a dui. Cras ut orci ut neque tempus scelerisque. Nulla vestibulum elementum orci, sed porta justo viverra vitae. Donec tempus egestas ante, eget facilisis dui condimentum at. Donec quis odio commodo, vulputate libero sed, tempor massa. Maecenas viverra tortor id ultricies elementum. Curabitur imperdiet vestibulum libero sed hendrerit.</p>",,,93041
23,93044,CA,"<p>Lorem ipsum dolor sit amet, consectetur adipiscing elit. Vivamus hendrerit consequat risus, et rhoncus quam interdum vel. Nullam semper suscipit nisl, ut sodales metus vehicula id. Morbi quis nisl diam. Maecenas elementum lectus nec elit sollicitudin, id mollis nibh finibus. Vestibulum sodales eget ipsum quis congue. Ut vulputate ligula dui, vel vestibulum orci vehicula et. Etiam eu lectus elit. Mauris pulvinar nisi vel sollicitudin tincidunt. Integer ex turpis, hendrerit in mauris quis, suscipit pharetra odio. Vestibulum ante ipsum primis in faucibus orci luctus et ultrices posuere cubilia Curae; Vivamus nec dapibus velit, sit amet viverra mauris. Aliquam imperdiet et nunc nec egestas. Mauris eget mi lectus. Etiam consectetur, quam at sagittis tristique, nisl orci viverra odio, at ullamcorper risus erat vel ex. Ut pellentesque tortor vel massa bibendum imperdiet. Nam egestas nunc a fermentum eleifend. Donec vel consectetur augue, ut tincidunt erat. Maecenas dolor est, semper quis egestas id, interdum a risus. Aenean vel ultricies lorem. Nunc in arcu vulputate, tempor ipsum at, dictum nibh. Aenean aliquet at purus nec faucibus. Etiam egestas purus vel dictum consequat. Donec fermentum mollis vehicula. Pellentesque ac urna nec urna blandit ornare eget non libero. In hac habitasse platea dictumst. Nulla facilisi. Aliquam tortor ex, mollis et est id, tempor sollicitudin mauris. Quisque ornare est lorem, eu varius mauris ornare eu. Suspendisse posuere, mauris eget viverra placerat, diam lorem placerat odio, quis elementum massa tellus et ante. Donec luctus convallis massa non volutpat. Vestibulum euismod, tellus et dapibus luctus, risus neque mattis magna, et tincidunt neque magna eget ligula. Duis pulvinar tincidunt nisi sit amet viverra. Fusce in molestie enim, vel euismod ipsum. Nam eget risus in mauris scelerisque imperdiet. Sed tempor, sem sit amet cursus bibendum, nisi nibh pulvinar lorem, vitae laoreet justo nulla a dui. Cras ut orci ut neque tempus scelerisque. Nulla vestibulum elementum orci, sed porta justo viverra vitae. Donec tempus egestas ante, eget facilisis dui condimentum at. Donec quis odio commodo, vulputate libero sed, tempor massa. Maecenas viverra tortor id ultricies elementum. Curabitur imperdiet vestibulum libero sed hendrerit.</p>",,,93044
24,93010,CA,"<p>Lorem ipsum dolor sit amet, consectetur adipiscing elit. Vivamus hendrerit consequat risus, et rhoncus quam interdum vel. Nullam semper suscipit nisl, ut sodales metus vehicula id. Morbi quis nisl diam. Maecenas elementum lectus nec elit sollicitudin, id mollis nibh finibus. Vestibulum sodales eget ipsum quis congue. Ut vulputate ligula dui, vel vestibulum orci vehicula et. Etiam eu lectus elit. Mauris pulvinar nisi vel sollicitudin tincidunt. Integer ex turpis, hendrerit in mauris quis, suscipit pharetra odio. Vestibulum ante ipsum primis in faucibus orci luctus et ultrices posuere cubilia Curae; Vivamus nec dapibus velit, sit amet viverra mauris. Aliquam imperdiet et nunc nec egestas. Mauris eget mi lectus. Etiam consectetur, quam at sagittis tristique, nisl orci viverra odio, at ullamcorper risus erat vel ex. Ut pellentesque tortor vel massa bibendum imperdiet. Nam egestas nunc a fermentum eleifend. Donec vel consectetur augue, ut tincidunt erat. Maecenas dolor est, semper quis egestas id, interdum a risus. Aenean vel ultricies lorem. Nunc in arcu vulputate, tempor ipsum at, dictum nibh. Aenean aliquet at purus nec faucibus. Etiam egestas purus vel dictum consequat. Donec fermentum mollis vehicula. Pellentesque ac urna nec urna blandit ornare eget non libero. In hac habitasse platea dictumst. Nulla facilisi. Aliquam tortor ex, mollis et est id, tempor sollicitudin mauris. Quisque ornare est lorem, eu varius mauris ornare eu. Suspendisse posuere, mauris eget viverra placerat, diam lorem placerat odio, quis elementum massa tellus et ante. Donec luctus convallis massa non volutpat. Vestibulum euismod, tellus et dapibus luctus, risus neque mattis magna, et tincidunt neque magna eget ligula. Duis pulvinar tincidunt nisi sit amet viverra. Fusce in molestie enim, vel euismod ipsum. Nam eget risus in mauris scelerisque imperdiet. Sed tempor, sem sit amet cursus bibendum, nisi nibh pulvinar lorem, vitae laoreet justo nulla a dui. Cras ut orci ut neque tempus scelerisque. Nulla vestibulum elementum orci, sed porta justo viverra vitae. Donec tempus egestas ante, eget facilisis dui condimentum at. Donec quis odio commodo, vulputate libero sed, tempor massa. Maecenas viverra tortor id ultricies elementum. Curabitur imperdiet vestibulum libero sed hendrerit.</p>",,,93010
25,93062,CA,"<p>Lorem ipsum dolor sit amet, consectetur adipiscing elit. Vivamus hendrerit consequat risus, et rhoncus quam interdum vel. Nullam semper suscipit nisl, ut sodales metus vehicula id. Morbi quis nisl diam. Maecenas elementum lectus nec elit sollicitudin, id mollis nibh finibus. Vestibulum sodales eget ipsum quis congue. Ut vulputate ligula dui, vel vestibulum orci vehicula et. Etiam eu lectus elit. Mauris pulvinar nisi vel sollicitudin tincidunt. Integer ex turpis, hendrerit in mauris quis, suscipit pharetra odio. Vestibulum ante ipsum primis in faucibus orci luctus et ultrices posuere cubilia Curae; Vivamus nec dapibus velit, sit amet viverra mauris. Aliquam imperdiet et nunc nec egestas. Mauris eget mi lectus. Etiam consectetur, quam at sagittis tristique, nisl orci viverra odio, at ullamcorper risus erat vel ex. Ut pellentesque tortor vel massa bibendum imperdiet. Nam egestas nunc a fermentum eleifend. Donec vel consectetur augue, ut tincidunt erat. Maecenas dolor est, semper quis egestas id, interdum a risus. Aenean vel ultricies lorem. Nunc in arcu vulputate, tempor ipsum at, dictum nibh. Aenean aliquet at purus nec faucibus. Etiam egestas purus vel dictum consequat. Donec fermentum mollis vehicula. Pellentesque ac urna nec urna blandit ornare eget non libero. In hac habitasse platea dictumst. Nulla facilisi. Aliquam tortor ex, mollis et est id, tempor sollicitudin mauris. Quisque ornare est lorem, eu varius mauris ornare eu. Suspendisse posuere, mauris eget viverra placerat, diam lorem placerat odio, quis elementum massa tellus et ante. Donec luctus convallis massa non volutpat. Vestibulum euismod, tellus et dapibus luctus, risus neque mattis magna, et tincidunt neque magna eget ligula. Duis pulvinar tincidunt nisi sit amet viverra. Fusce in molestie enim, vel euismod ipsum. Nam eget risus in mauris scelerisque imperdiet. Sed tempor, sem sit amet cursus bibendum, nisi nibh pulvinar lorem, vitae laoreet justo nulla a dui. Cras ut orci ut neque tempus scelerisque. Nulla vestibulum elementum orci, sed porta justo viverra vitae. Donec tempus egestas ante, eget facilisis dui condimentum at. Donec quis odio commodo, vulputate libero sed, tempor massa. Maecenas viverra tortor id ultricies elementum. Curabitur imperdiet vestibulum libero sed hendrerit.</p>",,,93062
26,93065,CA,"<p>Lorem ipsum dolor sit amet, consectetur adipiscing elit. Vivamus hendrerit consequat risus, et rhoncus quam interdum vel. Nullam semper suscipit nisl, ut sodales metus vehicula id. Morbi quis nisl diam. Maecenas elementum lectus nec elit sollicitudin, id mollis nibh finibus. Vestibulum sodales eget ipsum quis congue. Ut vulputate ligula dui, vel vestibulum orci vehicula et. Etiam eu lectus elit. Mauris pulvinar nisi vel sollicitudin tincidunt. Integer ex turpis, hendrerit in mauris quis, suscipit pharetra odio. Vestibulum ante ipsum primis in faucibus orci luctus et ultrices posuere cubilia Curae; Vivamus nec dapibus velit, sit amet viverra mauris. Aliquam imperdiet et nunc nec egestas. Mauris eget mi lectus. Etiam consectetur, quam at sagittis tristique, nisl orci viverra odio, at ullamcorper risus erat vel ex. Ut pellentesque tortor vel massa bibendum imperdiet. Nam egestas nunc a fermentum eleifend. Donec vel consectetur augue, ut tincidunt erat. Maecenas dolor est, semper quis egestas id, interdum a risus. Aenean vel ultricies lorem. Nunc in arcu vulputate, tempor ipsum at, dictum nibh. Aenean aliquet at purus nec faucibus. Etiam egestas purus vel dictum consequat. Donec fermentum mollis vehicula. Pellentesque ac urna nec urna blandit ornare eget non libero. In hac habitasse platea dictumst. Nulla facilisi. Aliquam tortor ex, mollis et est id, tempor sollicitudin mauris. Quisque ornare est lorem, eu varius mauris ornare eu. Suspendisse posuere, mauris eget viverra placerat, diam lorem placerat odio, quis elementum massa tellus et ante. Donec luctus convallis massa non volutpat. Vestibulum euismod, tellus et dapibus luctus, risus neque mattis magna, et tincidunt neque magna eget ligula. Duis pulvinar tincidunt nisi sit amet viverra. Fusce in molestie enim, vel euismod ipsum. Nam eget risus in mauris scelerisque imperdiet. Sed tempor, sem sit amet cursus bibendum, nisi nibh pulvinar lorem, vitae laoreet justo nulla a dui. Cras ut orci ut neque tempus scelerisque. Nulla vestibulum elementum orci, sed porta justo viverra vitae. Donec tempus egestas ante, eget facilisis dui condimentum at. Donec quis odio commodo, vulputate libero sed, tempor massa. Maecenas viverra tortor id ultricies elementum. Curabitur imperdiet vestibulum libero sed hendrerit.</p>",,,93065
27,93094,CA,"<p>Lorem ipsum dolor sit amet, consectetur adipiscing elit. Vivamus hendrerit consequat risus, et rhoncus quam interdum vel. Nullam semper suscipit nisl, ut sodales metus vehicula id. Morbi quis nisl diam. Maecenas elementum lectus nec elit sollicitudin, id mollis nibh finibus. Vestibulum sodales eget ipsum quis congue. Ut vulputate ligula dui, vel vestibulum orci vehicula et. Etiam eu lectus elit. Mauris pulvinar nisi vel sollicitudin tincidunt. Integer ex turpis, hendrerit in mauris quis, suscipit pharetra odio. Vestibulum ante ipsum primis in faucibus orci luctus et ultrices posuere cubilia Curae; Vivamus nec dapibus velit, sit amet viverra mauris. Aliquam imperdiet et nunc nec egestas. Mauris eget mi lectus. Etiam consectetur, quam at sagittis tristique, nisl orci viverra odio, at ullamcorper risus erat vel ex. Ut pellentesque tortor vel massa bibendum imperdiet. Nam egestas nunc a fermentum eleifend. Donec vel consectetur augue, ut tincidunt erat. Maecenas dolor est, semper quis egestas id, interdum a risus. Aenean vel ultricies lorem. Nunc in arcu vulputate, tempor ipsum at, dictum nibh. Aenean aliquet at purus nec faucibus. Etiam egestas purus vel dictum consequat. Donec fermentum mollis vehicula. Pellentesque ac urna nec urna blandit ornare eget non libero. In hac habitasse platea dictumst. Nulla facilisi. Aliquam tortor ex, mollis et est id, tempor sollicitudin mauris. Quisque ornare est lorem, eu varius mauris ornare eu. Suspendisse posuere, mauris eget viverra placerat, diam lorem placerat odio, quis elementum massa tellus et ante. Donec luctus convallis massa non volutpat. Vestibulum euismod, tellus et dapibus luctus, risus neque mattis magna, et tincidunt neque magna eget ligula. Duis pulvinar tincidunt nisi sit amet viverra. Fusce in molestie enim, vel euismod ipsum. Nam eget risus in mauris scelerisque imperdiet. Sed tempor, sem sit amet cursus bibendum, nisi nibh pulvinar lorem, vitae laoreet justo nulla a dui. Cras ut orci ut neque tempus scelerisque. Nulla vestibulum elementum orci, sed porta justo viverra vitae. Donec tempus egestas ante, eget facilisis dui condimentum at. Donec quis odio commodo, vulputate libero sed, tempor massa. Maecenas viverra tortor id ultricies elementum. Curabitur imperdiet vestibulum libero sed hendrerit.</p>",,,93094
28,93099,CA,"<p>Lorem ipsum dolor sit amet, consectetur adipiscing elit. Vivamus hendrerit consequat risus, et rhoncus quam interdum vel. Nullam semper suscipit nisl, ut sodales metus vehicula id. Morbi quis nisl diam. Maecenas elementum lectus nec elit sollicitudin, id mollis nibh finibus. Vestibulum sodales eget ipsum quis congue. Ut vulputate ligula dui, vel vestibulum orci vehicula et. Etiam eu lectus elit. Mauris pulvinar nisi vel sollicitudin tincidunt. Integer ex turpis, hendrerit in mauris quis, suscipit pharetra odio. Vestibulum ante ipsum primis in faucibus orci luctus et ultrices posuere cubilia Curae; Vivamus nec dapibus velit, sit amet viverra mauris. Aliquam imperdiet et nunc nec egestas. Mauris eget mi lectus. Etiam consectetur, quam at sagittis tristique, nisl orci viverra odio, at ullamcorper risus erat vel ex. Ut pellentesque tortor vel massa bibendum imperdiet. Nam egestas nunc a fermentum eleifend. Donec vel consectetur augue, ut tincidunt erat. Maecenas dolor est, semper quis egestas id, interdum a risus. Aenean vel ultricies lorem. Nunc in arcu vulputate, tempor ipsum at, dictum nibh. Aenean aliquet at purus nec faucibus. Etiam egestas purus vel dictum consequat. Donec fermentum mollis vehicula. Pellentesque ac urna nec urna blandit ornare eget non libero. In hac habitasse platea dictumst. Nulla facilisi. Aliquam tortor ex, mollis et est id, tempor sollicitudin mauris. Quisque ornare est lorem, eu varius mauris ornare eu. Suspendisse posuere, mauris eget viverra placerat, diam lorem placerat odio, quis elementum massa tellus et ante. Donec luctus convallis massa non volutpat. Vestibulum euismod, tellus et dapibus luctus, risus neque mattis magna, et tincidunt neque magna eget ligula. Duis pulvinar tincidunt nisi sit amet viverra. Fusce in molestie enim, vel euismod ipsum. Nam eget risus in mauris scelerisque imperdiet. Sed tempor, sem sit amet cursus bibendum, nisi nibh pulvinar lorem, vitae laoreet justo nulla a dui. Cras ut orci ut neque tempus scelerisque. Nulla vestibulum elementum orci, sed porta justo viverra vitae. Donec tempus egestas ante, eget facilisis dui condimentum at. Donec quis odio commodo, vulputate libero sed, tempor massa. Maecenas viverra tortor id ultricies elementum. Curabitur imperdiet vestibulum libero sed hendrerit.</p>",,,93099
29,93063,CA,"<p>Lorem ipsum dolor sit amet, consectetur adipiscing elit. Vivamus hendrerit consequat risus, et rhoncus quam interdum vel. Nullam semper suscipit nisl, ut sodales metus vehicula id. Morbi quis nisl diam. Maecenas elementum lectus nec elit sollicitudin, id mollis nibh finibus. Vestibulum sodales eget ipsum quis congue. Ut vulputate ligula dui, vel vestibulum orci vehicula et. Etiam eu lectus elit. Mauris pulvinar nisi vel sollicitudin tincidunt. Integer ex turpis, hendrerit in mauris quis, suscipit pharetra odio. Vestibulum ante ipsum primis in faucibus orci luctus et ultrices posuere cubilia Curae; Vivamus nec dapibus velit, sit amet viverra mauris. Aliquam imperdiet et nunc nec egestas. Mauris eget mi lectus. Etiam consectetur, quam at sagittis tristique, nisl orci viverra odio, at ullamcorper risus erat vel ex. Ut pellentesque tortor vel massa bibendum imperdiet. Nam egestas nunc a fermentum eleifend. Donec vel consectetur augue, ut tincidunt erat. Maecenas dolor est, semper quis egestas id, interdum a risus. Aenean vel ultricies lorem. Nunc in arcu vulputate, tempor ipsum at, dictum nibh. Aenean aliquet at purus nec faucibus. Etiam egestas purus vel dictum consequat. Donec fermentum mollis vehicula. Pellentesque ac urna nec urna blandit ornare eget non libero. In hac habitasse platea dictumst. Nulla facilisi. Aliquam tortor ex, mollis et est id, tempor sollicitudin mauris. Quisque ornare est lorem, eu varius mauris ornare eu. Suspendisse posuere, mauris eget viverra placerat, diam lorem placerat odio, quis elementum massa tellus et ante. Donec luctus convallis massa non volutpat. Vestibulum euismod, tellus et dapibus luctus, risus neque mattis magna, et tincidunt neque magna eget ligula. Duis pulvinar tincidunt nisi sit amet viverra. Fusce in molestie enim, vel euismod ipsum. Nam eget risus in mauris scelerisque imperdiet. Sed tempor, sem sit amet cursus bibendum, nisi nibh pulvinar lorem, vitae laoreet justo nulla a dui. Cras ut orci ut neque tempus scelerisque. Nulla vestibulum elementum orci, sed porta justo viverra vitae. Donec tempus egestas ante, eget facilisis dui condimentum at. Donec quis odio commodo, vulputate libero sed, tempor massa. Maecenas viverra tortor id ultricies elementum. Curabitur imperdiet vestibulum libero sed hendrerit.</p>",,,93063
30,91362,CA,"<p>Lorem ipsum dolor sit amet, consectetur adipiscing elit. Vivamus hendrerit consequat risus, et rhoncus quam interdum vel. Nullam semper suscipit nisl, ut sodales metus vehicula id. Morbi quis nisl diam. Maecenas elementum lectus nec elit sollicitudin, id mollis nibh finibus. Vestibulum sodales eget ipsum quis congue. Ut vulputate ligula dui, vel vestibulum orci vehicula et. Etiam eu lectus elit. Mauris pulvinar nisi vel sollicitudin tincidunt. Integer ex turpis, hendrerit in mauris quis, suscipit pharetra odio. Vestibulum ante ipsum primis in faucibus orci luctus et ultrices posuere cubilia Curae; Vivamus nec dapibus velit, sit amet viverra mauris. Aliquam imperdiet et nunc nec egestas. Mauris eget mi lectus. Etiam consectetur, quam at sagittis tristique, nisl orci viverra odio, at ullamcorper risus erat vel ex. Ut pellentesque tortor vel massa bibendum imperdiet. Nam egestas nunc a fermentum eleifend. Donec vel consectetur augue, ut tincidunt erat. Maecenas dolor est, semper quis egestas id, interdum a risus. Aenean vel ultricies lorem. Nunc in arcu vulputate, tempor ipsum at, dictum nibh. Aenean aliquet at purus nec faucibus. Etiam egestas purus vel dictum consequat. Donec fermentum mollis vehicula. Pellentesque ac urna nec urna blandit ornare eget non libero. In hac habitasse platea dictumst. Nulla facilisi. Aliquam tortor ex, mollis et est id, tempor sollicitudin mauris. Quisque ornare est lorem, eu varius mauris ornare eu. Suspendisse posuere, mauris eget viverra placerat, diam lorem placerat odio, quis elementum massa tellus et ante. Donec luctus convallis massa non volutpat. Vestibulum euismod, tellus et dapibus luctus, risus neque mattis magna, et tincidunt neque magna eget ligula. Duis pulvinar tincidunt nisi sit amet viverra. Fusce in molestie enim, vel euismod ipsum. Nam eget risus in mauris scelerisque imperdiet. Sed tempor, sem sit amet cursus bibendum, nisi nibh pulvinar lorem, vitae laoreet justo nulla a dui. Cras ut orci ut neque tempus scelerisque. Nulla vestibulum elementum orci, sed porta justo viverra vitae. Donec tempus egestas ante, eget facilisis dui condimentum at. Donec quis odio commodo, vulputate libero sed, tempor massa. Maecenas viverra tortor id ultricies elementum. Curabitur imperdiet vestibulum libero sed hendrerit.</p>",,,91362
31,91360,CA,"<p>Lorem ipsum dolor sit amet, consectetur adipiscing elit. Vivamus hendrerit consequat risus, et rhoncus quam interdum vel. Nullam semper suscipit nisl, ut sodales metus vehicula id. Morbi quis nisl diam. Maecenas elementum lectus nec elit sollicitudin, id mollis nibh finibus. Vestibulum sodales eget ipsum quis congue. Ut vulputate ligula dui, vel vestibulum orci vehicula et. Etiam eu lectus elit. Mauris pulvinar nisi vel sollicitudin tincidunt. Integer ex turpis, hendrerit in mauris quis, suscipit pharetra odio. Vestibulum ante ipsum primis in faucibus orci luctus et ultrices posuere cubilia Curae; Vivamus nec dapibus velit, sit amet viverra mauris. Aliquam imperdiet et nunc nec egestas. Mauris eget mi lectus. Etiam consectetur, quam at sagittis tristique, nisl orci viverra odio, at ullamcorper risus erat vel ex. Ut pellentesque tortor vel massa bibendum imperdiet. Nam egestas nunc a fermentum eleifend. Donec vel consectetur augue, ut tincidunt erat. Maecenas dolor est, semper quis egestas id, interdum a risus. Aenean vel ultricies lorem. Nunc in arcu vulputate, tempor ipsum at, dictum nibh. Aenean aliquet at purus nec faucibus. Etiam egestas purus vel dictum consequat. Donec fermentum mollis vehicula. Pellentesque ac urna nec urna blandit ornare eget non libero. In hac habitasse platea dictumst. Nulla facilisi. Aliquam tortor ex, mollis et est id, tempor sollicitudin mauris. Quisque ornare est lorem, eu varius mauris ornare eu. Suspendisse posuere, mauris eget viverra placerat, diam lorem placerat odio, quis elementum massa tellus et ante. Donec luctus convallis massa non volutpat. Vestibulum euismod, tellus et dapibus luctus, risus neque mattis magna, et tincidunt neque magna eget ligula. Duis pulvinar tincidunt nisi sit amet viverra. Fusce in molestie enim, vel euismod ipsum. Nam eget risus in mauris scelerisque imperdiet. Sed tempor, sem sit amet cursus bibendum, nisi nibh pulvinar lorem, vitae laoreet justo nulla a dui. Cras ut orci ut neque tempus scelerisque. Nulla vestibulum elementum orci, sed porta justo viverra vitae. Donec tempus egestas ante, eget facilisis dui condimentum at. Donec quis odio commodo, vulputate libero sed, tempor massa. Maecenas viverra tortor id ultricies elementum. Curabitur imperdiet vestibulum libero sed hendrerit.</p>",,,91360
32,91358,CA,"<p>Lorem ipsum dolor sit amet, consectetur adipiscing elit. Vivamus hendrerit consequat risus, et rhoncus quam interdum vel. Nullam semper suscipit nisl, ut sodales metus vehicula id. Morbi quis nisl diam. Maecenas elementum lectus nec elit sollicitudin, id mollis nibh finibus. Vestibulum sodales eget ipsum quis congue. Ut vulputate ligula dui, vel vestibulum orci vehicula et. Etiam eu lectus elit. Mauris pulvinar nisi vel sollicitudin tincidunt. Integer ex turpis, hendrerit in mauris quis, suscipit pharetra odio. Vestibulum ante ipsum primis in faucibus orci luctus et ultrices posuere cubilia Curae; Vivamus nec dapibus velit, sit amet viverra mauris. Aliquam imperdiet et nunc nec egestas. Mauris eget mi lectus. Etiam consectetur, quam at sagittis tristique, nisl orci viverra odio, at ullamcorper risus erat vel ex. Ut pellentesque tortor vel massa bibendum imperdiet. Nam egestas nunc a fermentum eleifend. Donec vel consectetur augue, ut tincidunt erat. Maecenas dolor est, semper quis egestas id, interdum a risus. Aenean vel ultricies lorem. Nunc in arcu vulputate, tempor ipsum at, dictum nibh. Aenean aliquet at purus nec faucibus. Etiam egestas purus vel dictum consequat. Donec fermentum mollis vehicula. Pellentesque ac urna nec urna blandit ornare eget non libero. In hac habitasse platea dictumst. Nulla facilisi. Aliquam tortor ex, mollis et est id, tempor sollicitudin mauris. Quisque ornare est lorem, eu varius mauris ornare eu. Suspendisse posuere, mauris eget viverra placerat, diam lorem placerat odio, quis elementum massa tellus et ante. Donec luctus convallis massa non volutpat. Vestibulum euismod, tellus et dapibus luctus, risus neque mattis magna, et tincidunt neque magna eget ligula. Duis pulvinar tincidunt nisi sit amet viverra. Fusce in molestie enim, vel euismod ipsum. Nam eget risus in mauris scelerisque imperdiet. Sed tempor, sem sit amet cursus bibendum, nisi nibh pulvinar lorem, vitae laoreet justo nulla a dui. Cras ut orci ut neque tempus scelerisque. Nulla vestibulum elementum orci, sed porta justo viverra vitae. Donec tempus egestas ante, eget facilisis dui condimentum at. Donec quis odio commodo, vulputate libero sed, tempor massa. Maecenas viverra tortor id ultricies elementum. Curabitur imperdiet vestibulum libero sed hendrerit.</p>",,,91358
